module,type,method,new_name,old_name_reused
winrt.microsoft.security.authentication.oauth,AuthRequestParams,create_for_authorization_code_request2,create_for_authorization_code_request,no
winrt.microsoft.security.authentication.oauth,OAuth2Manager,request_token_async2,request_token_async,no
winrt.microsoft.ui.composition,ColorKeyFrameAnimation,insert_key_frame_with_easing_function,insert_key_frame,no
winrt.microsoft.ui.composition,CompositionDrawingSurface,scroll_rect,scroll,no
winrt.microsoft.ui.composition,CompositionDrawingSurface,scroll_rect_with_clip,scroll_with_clip,no
winrt.microsoft.ui.composition,CompositionEasingFunction,create_step_easing_function_with_step_count,create_step_easing_function,no
winrt.microsoft.ui.composition,CompositionNineGridBrush,set_inset_scales_with_values,set_inset_scales,no
winrt.microsoft.ui.composition,CompositionNineGridBrush,set_insets_with_values,set_insets,no
winrt.microsoft.ui.composition,CompositionObject,start_animation_with_controller,start_animation,no
winrt.microsoft.ui.composition,Compositor,create_color_brush_with_color,create_color_brush,no
winrt.microsoft.ui.composition,Compositor,create_color_gradient_stop_with_offset_and_color,create_color_gradient_stop,no
winrt.microsoft.ui.composition,Compositor,create_effect_factory_with_properties,create_effect_factory,no
winrt.microsoft.ui.composition,Compositor,create_expression_animation_with_expression,create_expression_animation,no
winrt.microsoft.ui.composition,Compositor,create_geometric_clip_with_geometry,create_geometric_clip,no
winrt.microsoft.ui.composition,Compositor,create_inset_clip_with_insets,create_inset_clip,no
winrt.microsoft.ui.composition,Compositor,create_path_geometry_with_path,create_path_geometry,no
winrt.microsoft.ui.composition,Compositor,create_rectangle_clip_with_sides,create_rectangle_clip,no
winrt.microsoft.ui.composition,Compositor,create_rectangle_clip_with_sides_and_radius,create_rectangle_clip,no
winrt.microsoft.ui.composition,Compositor,create_redirect_visual_with_source_visual,create_redirect_visual,no
winrt.microsoft.ui.composition,Compositor,create_sprite_shape_with_geometry,create_sprite_shape,no
winrt.microsoft.ui.composition,Compositor,create_step_easing_function_with_step_count,create_step_easing_function,no
winrt.microsoft.ui.composition,Compositor,create_surface_brush_with_surface,create_surface_brush,no
winrt.microsoft.ui.composition,KeyFrameAnimation,insert_expression_key_frame_with_easing_function,insert_expression_key_frame,no
winrt.microsoft.ui.composition,PathKeyFrameAnimation,insert_key_frame_with_easing_function,insert_key_frame,no
winrt.microsoft.ui.composition,QuaternionKeyFrameAnimation,insert_key_frame_with_easing_function,insert_key_frame,no
winrt.microsoft.ui.composition,ScalarKeyFrameAnimation,insert_key_frame_with_easing_function,insert_key_frame,no
winrt.microsoft.ui.composition,Vector2KeyFrameAnimation,insert_key_frame_with_easing_function,insert_key_frame,no
winrt.microsoft.ui.composition,Vector3KeyFrameAnimation,insert_key_frame_with_easing_function,insert_key_frame,no
winrt.microsoft.ui.composition,Vector4KeyFrameAnimation,insert_key_frame_with_easing_function,insert_key_frame,no
winrt.microsoft.ui.composition.interactions,InteractionTracker,try_update_position_by_with_option,try_update_position_by,no
winrt.microsoft.ui.composition.interactions,InteractionTracker,try_update_position_with_option,try_update_position,no
winrt.microsoft.ui.composition.systembackdrops,DesktopAcrylicController,set_target_with_window_id,set_target,no
winrt.microsoft.ui.composition.systembackdrops,ISystemBackdropController,set_target_with_window_id,set_target,no
winrt.microsoft.ui.composition.systembackdrops,MicaController,set_target_with_window_id,set_target,no
winrt.microsoft.ui.content,ContentCoordinateConverter,convert_local_to_screen_with_point,convert_local_to_screen,no
winrt.microsoft.ui.content,ContentCoordinateConverter,convert_local_to_screen_with_points_and_rounding_mode,convert_local_to_screen,no
winrt.microsoft.ui.content,ContentCoordinateConverter,convert_screen_to_local_with_point,convert_screen_to_local,no
winrt.microsoft.ui.dispatching,DispatcherQueue,run_event_loop_with_options,run_event_loop,no
winrt.microsoft.ui.dispatching,DispatcherQueue,try_enqueue_with_priority,try_enqueue,no
winrt.microsoft.ui.input,FocusNavigationRequest,create_with_hint_rect,create,no
winrt.microsoft.ui.input,FocusNavigationRequest,create_with_hint_rect_and_id,create,no
winrt.microsoft.ui.input.dragdrop,DragOperation,set_drag_ui_content_from_software_bitmap2,set_drag_ui_content_from_software_bitmap,no
winrt.microsoft.ui.input.dragdrop,DragUIOverride,set_content_from_software_bitmap2,set_content_from_software_bitmap,no
winrt.microsoft.ui.windowing,AppWindow,create_with_dispatcher_queue,create,no
winrt.microsoft.ui.windowing,AppWindow,create_with_presenter,create,no
winrt.microsoft.ui.windowing,AppWindow,create_with_presenter_and_owner,create,no
winrt.microsoft.ui.windowing,AppWindow,move_and_resize_relative_to_display_area,move_and_resize,no
winrt.microsoft.ui.windowing,AppWindow,show_with_activation,show,no
winrt.microsoft.ui.windowing,OverlappedPresenter,minimize_with_activation,minimize,no
winrt.microsoft.ui.windowing,OverlappedPresenter,restore_with_activation,restore,no
winrt.microsoft.ui.xaml,Application,load_component_with_resource_location,load_component,no
winrt.microsoft.ui.xaml,DragUI,set_content_from_bitmap_image_with_anchor_point,set_content_from_bitmap_image,no
winrt.microsoft.ui.xaml,DragUI,set_content_from_software_bitmap_with_anchor_point,set_content_from_software_bitmap,no
winrt.microsoft.ui.xaml,DragUIOverride,set_content_from_bitmap_image_with_anchor_point,set_content_from_bitmap_image,no
winrt.microsoft.ui.xaml,DragUIOverride,set_content_from_software_bitmap_with_anchor_point,set_content_from_software_bitmap,no
winrt.microsoft.ui.xaml,PropertyMetadata,create_with_default_value,create,no
winrt.microsoft.ui.xaml,PropertyMetadata,create_with_default_value_and_callback,create,no
winrt.microsoft.ui.xaml,RectHelper,union_with_point,union,no
winrt.microsoft.ui.xaml,UIElement,start_bring_into_view_with_options,start_bring_into_view,no
winrt.microsoft.ui.xaml.controls,CalendarViewDayItemChangingEventArgs,register_update_callback_with_phase,register_update_callback,no
winrt.microsoft.ui.xaml.controls,ContainerContentChangingEventArgs,register_update_callback_with_phase,register_update_callback,no
winrt.microsoft.ui.xaml.controls,ContentDialog,show_async_with_placement,show_async,no
winrt.microsoft.ui.xaml.controls,DataTemplateSelector,select_template_for_item,select_template,no
winrt.microsoft.ui.xaml.controls,Frame,go_back_with_transition_info,go_back,no
winrt.microsoft.ui.xaml.controls,Frame,navigate_with_transition_info,navigate,no
winrt.microsoft.ui.xaml.controls,Frame,set_navigation_state_with_navigation_control,set_navigation_state,no
winrt.microsoft.ui.xaml.controls,ListViewBase,scroll_into_view_with_alignment,scroll_into_view,no
winrt.microsoft.ui.xaml.controls,ScrollView,scroll_by_with_options,scroll_by,no
winrt.microsoft.ui.xaml.controls,ScrollView,scroll_to_with_options,scroll_to,no
winrt.microsoft.ui.xaml.controls,ScrollView,zoom_by_with_options,zoom_by,no
winrt.microsoft.ui.xaml.controls,ScrollView,zoom_to_with_options,zoom_to,no
winrt.microsoft.ui.xaml.controls,ScrollViewer,change_view_with_optional_animation,change_view,no
winrt.microsoft.ui.xaml.controls,VirtualizingLayoutContext,get_or_create_element_at2,get_or_create_element_at,no
winrt.microsoft.ui.xaml.controls,WebView2,ensure_core_webview2_with_environment_and_options_async,ensure_core_webview2_async,no
winrt.microsoft.ui.xaml.controls,WebView2,ensure_core_webview2_with_environment_async,ensure_core_webview2_async,no
winrt.microsoft.ui.xaml.controls.primitives,FlyoutBase,show_at_with_options,show_at,no
winrt.microsoft.ui.xaml.controls.primitives,ScrollPresenter,scroll_by_with_options,scroll_by,no
winrt.microsoft.ui.xaml.controls.primitives,ScrollPresenter,scroll_to_with_options,scroll_to,no
winrt.microsoft.ui.xaml.controls.primitives,ScrollPresenter,zoom_by_with_options,zoom_by,no
winrt.microsoft.ui.xaml.controls.primitives,ScrollPresenter,zoom_to_with_options,zoom_to,no
winrt.microsoft.ui.xaml.input,AccessKeyManager,enter_display_mode_for_xaml_root,enter_display_mode,no
winrt.microsoft.ui.xaml.input,FocusManager,find_next_element_with_options,find_next_element,no
winrt.microsoft.ui.xaml.input,FocusManager,find_next_focusable_element_with_hint,find_next_focusable_element,no
winrt.microsoft.ui.xaml.input,FocusManager,get_focused_element_with_root,get_focused_element,no
winrt.microsoft.ui.xaml.input,FocusManager,try_move_focus_with_options,try_move_focus,no
winrt.microsoft.ui.xaml.input,FocusManager,try_move_focus_with_options_async,try_move_focus_async,no
winrt.microsoft.ui.xaml.media,LoadedImageSurface,start_load_from_stream_with_size,start_load_from_stream,no
winrt.microsoft.ui.xaml.media,LoadedImageSurface,start_load_from_uri_with_size,start_load_from_uri,no
winrt.microsoft.ui.xaml.media,VisualTreeHelper,find_all_elements_in_host_coordinates_point,find_elements_in_host_coordinates,no
winrt.microsoft.ui.xaml.media,VisualTreeHelper,find_elements_in_host_coordinates_point,find_elements_in_host_coordinates,no
winrt.microsoft.ui.xaml.media.animation,ConnectedAnimation,try_start_with_coordinated_elements,try_start,no
winrt.microsoft.ui.xaml.media.imaging,RenderTargetBitmap,render_to_size_async,render_async,no
winrt.microsoft.web.webview2.core,CoreWebView2Environment,get_available_browser_version_string2,get_available_browser_version_string,no
winrt.microsoft.web.webview2.core,CoreWebView2Environment,get_available_browser_version_string_with_options,get_available_browser_version_string,no
winrt.microsoft.web.webview2.core,CoreWebView2Profile,clear_browsing_data_async2,clear_browsing_data_async,no
winrt.microsoft.windows.applicationmodel.background,BackgroundTaskBuilder,register2,register,no
winrt.microsoft.windows.applicationmodel.dynamicdependency,PackageDependency,add2,add,no
winrt.microsoft.windows.applicationmodel.dynamicdependency,PackageDependency,create2,create,no
winrt.microsoft.windows.applicationmodel.resources,ResourceMap,get_value_by_index_with_context,get_value_by_index,no
winrt.microsoft.windows.applicationmodel.resources,ResourceMap,get_value_with_context,get_value,no
winrt.microsoft.windows.applicationmodel.resources,ResourceMap,try_get_value_with_context,try_get_value,no
winrt.microsoft.windows.appnotifications,AppNotificationManager,update_async2,update_async,no
winrt.microsoft.windows.appnotifications.builder,AppNotificationBuilder,add_text2,add_text,no
winrt.microsoft.windows.appnotifications.builder,AppNotificationBuilder,add_text_box2,add_text_box,no
winrt.microsoft.windows.appnotifications.builder,AppNotificationBuilder,set_app_logo_override2,set_app_logo_override,no
winrt.microsoft.windows.appnotifications.builder,AppNotificationBuilder,set_app_logo_override3,set_app_logo_override,no
winrt.microsoft.windows.appnotifications.builder,AppNotificationBuilder,set_attribution_text2,set_attribution_text,no
winrt.microsoft.windows.appnotifications.builder,AppNotificationBuilder,set_audio_event2,set_audio_event,no
winrt.microsoft.windows.appnotifications.builder,AppNotificationBuilder,set_audio_uri2,set_audio_uri,no
winrt.microsoft.windows.appnotifications.builder,AppNotificationBuilder,set_hero_image2,set_hero_image,no
winrt.microsoft.windows.appnotifications.builder,AppNotificationBuilder,set_inline_image2,set_inline_image,no
winrt.microsoft.windows.appnotifications.builder,AppNotificationBuilder,set_inline_image3,set_inline_image,no
winrt.microsoft.windows.appnotifications.builder,AppNotificationButton,set_invoke_uri2,set_invoke_uri,no
winrt.microsoft.windows.management.deployment,PackageRuntimeManager,add_package_set_with_options,add_package_set,no
winrt.windows.ai.actions,ActionEntityFactory,create_text_entity_with_text_format,create_text_entity,no
winrt.windows.ai.actions.hosting,ActionCatalog,get_actions_for_inputs2,get_actions_for_inputs,no
winrt.windows.ai.machinelearning,LearningModel,load_from_file_path_with_operator_provider,load_from_file_path,no
winrt.windows.ai.machinelearning,LearningModel,load_from_storage_file_with_operator_provider_async,load_from_storage_file_async,no
winrt.windows.ai.machinelearning,LearningModel,load_from_stream_with_operator_provider,load_from_stream,no
winrt.windows.ai.machinelearning,LearningModel,load_from_stream_with_operator_provider_async,load_from_stream_async,no
winrt.windows.ai.machinelearning,LearningModelBinding,bind_with_properties,bind,no
winrt.windows.ai.machinelearning,TensorBoolean,create2,create,no
winrt.windows.ai.machinelearning,TensorDouble,create2,create,no
winrt.windows.ai.machinelearning,TensorFloat,create2,create,no
winrt.windows.ai.machinelearning,TensorFloat16Bit,create2,create,no
winrt.windows.ai.machinelearning,TensorInt16Bit,create2,create,no
winrt.windows.ai.machinelearning,TensorInt32Bit,create2,create,no
winrt.windows.ai.machinelearning,TensorInt64Bit,create2,create,no
winrt.windows.ai.machinelearning,TensorInt8Bit,create2,create,no
winrt.windows.ai.machinelearning,TensorString,create2,create,no
winrt.windows.ai.machinelearning,TensorUInt16Bit,create2,create,no
winrt.windows.ai.machinelearning,TensorUInt32Bit,create2,create,no
winrt.windows.ai.machinelearning,TensorUInt64Bit,create2,create,no
winrt.windows.ai.machinelearning,TensorUInt8Bit,create2,create,no
winrt.windows.ai.machinelearning.preview,LearningModelBindingPreview,bind_with_properties,bind,no
winrt.windows.applicationmodel,FullTrustProcessLauncher,launch_full_trust_process_for_app_with_parameters_async,launch_full_trust_process_for_app_async,no
winrt.windows.applicationmodel,FullTrustProcessLauncher,launch_full_trust_process_for_current_app_with_parameters_async,launch_full_trust_process_for_current_app_async,no
winrt.windows.applicationmodel,Package,stage_content_groups_with_priority_async,stage_content_groups_async,no
winrt.windows.applicationmodel.appointments,AppointmentCalendar,find_all_instances_async_with_options,find_all_instances_async,no
winrt.windows.applicationmodel.appointments,AppointmentCalendar,find_appointments_async_with_options,find_appointments_async,no
winrt.windows.applicationmodel.appointments,AppointmentCalendar,find_unexpanded_appointments_async_with_options,find_unexpanded_appointments_async,no
winrt.windows.applicationmodel.appointments,AppointmentManager,show_add_appointment_with_placement_async,show_add_appointment_async,no
winrt.windows.applicationmodel.appointments,AppointmentManager,show_appointment_details_with_date_async,show_appointment_details_async,no
winrt.windows.applicationmodel.appointments,AppointmentManager,show_remove_appointment_with_placement_and_date_async,show_remove_appointment_async,no
winrt.windows.applicationmodel.appointments,AppointmentManager,show_remove_appointment_with_placement_async,show_remove_appointment_async,no
winrt.windows.applicationmodel.appointments,AppointmentManager,show_replace_appointment_with_placement_and_date_async,show_replace_appointment_async,no
winrt.windows.applicationmodel.appointments,AppointmentManager,show_replace_appointment_with_placement_async,show_replace_appointment_async,no
winrt.windows.applicationmodel.appointments,AppointmentManagerForUser,show_add_appointment_with_placement_async,show_add_appointment_async,no
winrt.windows.applicationmodel.appointments,AppointmentManagerForUser,show_appointment_details_with_date_async,show_appointment_details_async,no
winrt.windows.applicationmodel.appointments,AppointmentManagerForUser,show_remove_appointment_with_placement_and_date_async,show_remove_appointment_async,no
winrt.windows.applicationmodel.appointments,AppointmentManagerForUser,show_remove_appointment_with_placement_async,show_remove_appointment_async,no
winrt.windows.applicationmodel.appointments,AppointmentManagerForUser,show_replace_appointment_with_placement_and_date_async,show_replace_appointment_async,no
winrt.windows.applicationmodel.appointments,AppointmentManagerForUser,show_replace_appointment_with_placement_async,show_replace_appointment_async,no
winrt.windows.applicationmodel.appointments,AppointmentStore,create_appointment_calendar_in_account_async,create_appointment_calendar_async,no
winrt.windows.applicationmodel.appointments,AppointmentStore,find_appointment_calendars_async_with_options,find_appointment_calendars_async,no
winrt.windows.applicationmodel.appointments,AppointmentStore,find_appointments_async_with_options,find_appointments_async,no
winrt.windows.applicationmodel.appointments,AppointmentStore,find_conflict_async_with_instance_start,find_conflict_async,no
winrt.windows.applicationmodel.appointments,AppointmentStore,show_appointment_details_with_date_async,show_appointment_details_async,no
winrt.windows.applicationmodel.appointments,AppointmentStore,show_remove_appointment_with_placement_and_date_async,show_remove_appointment_async,no
winrt.windows.applicationmodel.appointments,AppointmentStore,show_replace_appointment_with_placement_and_date_async,show_replace_appointment_async,no
winrt.windows.applicationmodel.background,ApplicationTrigger,request_async_with_arguments,request_async,no
winrt.windows.applicationmodel.background,BackgroundExecutionManager,get_access_status_for_application,get_access_status,no
winrt.windows.applicationmodel.background,BackgroundExecutionManager,get_access_status_for_modern_standby_for_application,get_access_status_for_modern_standby,no
winrt.windows.applicationmodel.background,BackgroundExecutionManager,remove_access_for_application,remove_access,no
winrt.windows.applicationmodel.background,BackgroundExecutionManager,request_access_for_application_async,request_access_async,no
winrt.windows.applicationmodel.background,DeviceServicingTrigger,request_async_simple,request_async,no
winrt.windows.applicationmodel.background,DeviceServicingTrigger,request_async_with_arguments,request_async,no
winrt.windows.applicationmodel.background,DeviceUseTrigger,request_async_simple,request_async,no
winrt.windows.applicationmodel.background,DeviceUseTrigger,request_async_with_arguments,request_async,no
winrt.windows.applicationmodel.background,MediaProcessingTrigger,request_async_with_arguments,request_async,no
winrt.windows.applicationmodel.calls,PhoneCallHistoryStore,get_entry_reader_with_options,get_entry_reader,no
winrt.windows.applicationmodel.calls,PhoneLineTransportDevice,get_device_selector_for_phone_line_transport,get_device_selector,no
winrt.windows.applicationmodel.calls,VoipCallCoordinator,request_new_incoming_call_with_contact_remote_id,request_new_incoming_call,no
winrt.windows.applicationmodel.calls,VoipCallCoordinator,reserve_one_process_call_resources_async,reserve_call_resources_async,no
winrt.windows.applicationmodel.calls,VoipPhoneCall,notify_call_active_on_devices,notify_call_active,no
winrt.windows.applicationmodel.chat,ChatCapabilitiesManager,get_cached_capabilities_for_transport_async,get_cached_capabilities_async,no
winrt.windows.applicationmodel.chat,ChatCapabilitiesManager,get_capabilities_from_network_for_transport_async,get_capabilities_from_network_async,no
winrt.windows.applicationmodel.chat,ChatConversation,mark_all_messages_as_read_async,mark_messages_as_read_async,no
winrt.windows.applicationmodel.chat,ChatConversationReader,read_batch_with_count_async,read_batch_async,no
winrt.windows.applicationmodel.chat,ChatMessageReader,read_batch_with_count_async,read_batch_async,no
winrt.windows.applicationmodel.chat,ChatMessageStore,get_conversation_for_transports_async,get_conversation_async,no
winrt.windows.applicationmodel.chat,ChatMessageStore,get_conversation_for_transports_reader,get_conversation_reader,no
winrt.windows.applicationmodel.chat,ChatMessageStore,get_message_reader1,get_message_reader,no
winrt.windows.applicationmodel.chat,ChatMessageStore,get_message_reader2,get_message_reader,no
winrt.windows.applicationmodel.chat,ChatMessageStore,get_unseen_count_for_transports_reader_async,get_unseen_count_async,no
winrt.windows.applicationmodel.chat,ChatMessageStore,mark_as_seen_for_transports_async,mark_as_seen_async,no
winrt.windows.applicationmodel.chat,ChatSearchReader,read_batch_with_count_async,read_batch_async,no
winrt.windows.applicationmodel.contacts,ContactAnnotationStore,create_annotation_list_in_account_async,create_annotation_list_async,no
winrt.windows.applicationmodel.contacts,ContactFieldFactory,create_field_category,create_field,no
winrt.windows.applicationmodel.contacts,ContactFieldFactory,create_field_custom,create_field,no
winrt.windows.applicationmodel.contacts,ContactFieldFactory,create_field_default,create_field,no
winrt.windows.applicationmodel.contacts,ContactFieldFactory,create_instant_message_all,create_instant_message,no
winrt.windows.applicationmodel.contacts,ContactFieldFactory,create_instant_message_category,create_instant_message,no
winrt.windows.applicationmodel.contacts,ContactFieldFactory,create_instant_message_default,create_instant_message,no
winrt.windows.applicationmodel.contacts,ContactFieldFactory,create_location_all,create_location,no
winrt.windows.applicationmodel.contacts,ContactFieldFactory,create_location_category,create_location,no
winrt.windows.applicationmodel.contacts,ContactFieldFactory,create_location_default,create_location,no
winrt.windows.applicationmodel.contacts,ContactList,get_contact_reader_with_options,get_contact_reader,no
winrt.windows.applicationmodel.contacts,ContactManager,convert_contact_to_v_card_async_with_max_bytes,convert_contact_to_v_card_async,no
winrt.windows.applicationmodel.contacts,ContactManager,request_store_async_with_access_type,request_store_async,no
winrt.windows.applicationmodel.contacts,ContactManager,show_contact_card_with_options,show_contact_card,no
winrt.windows.applicationmodel.contacts,ContactManager,show_contact_card_with_placement,show_contact_card,no
winrt.windows.applicationmodel.contacts,ContactManager,show_delay_loaded_contact_card_with_options,show_delay_loaded_contact_card,no
winrt.windows.applicationmodel.contacts,ContactManagerForUser,convert_contact_to_v_card_async_with_max_bytes,convert_contact_to_v_card_async,no
winrt.windows.applicationmodel.contacts,ContactStore,create_contact_list_in_account_async,create_contact_list_async,no
winrt.windows.applicationmodel.contacts,ContactStore,find_contacts_with_search_text_async,find_contacts_async,no
winrt.windows.applicationmodel.contacts,ContactStore,get_contact_reader_with_options,get_contact_reader,no
winrt.windows.applicationmodel.contacts,IContactFieldFactory,create_field_category,create_field,no
winrt.windows.applicationmodel.contacts,IContactFieldFactory,create_field_custom,create_field,no
winrt.windows.applicationmodel.contacts,IContactFieldFactory,create_field_default,create_field,no
winrt.windows.applicationmodel.contacts,IContactInstantMessageFieldFactory,create_instant_message_all,create_instant_message,no
winrt.windows.applicationmodel.contacts,IContactInstantMessageFieldFactory,create_instant_message_category,create_instant_message,no
winrt.windows.applicationmodel.contacts,IContactInstantMessageFieldFactory,create_instant_message_default,create_instant_message,no
winrt.windows.applicationmodel.contacts,IContactLocationFieldFactory,create_location_all,create_location,no
winrt.windows.applicationmodel.contacts,IContactLocationFieldFactory,create_location_category,create_location,no
winrt.windows.applicationmodel.contacts,IContactLocationFieldFactory,create_location_default,create_location,no
winrt.windows.applicationmodel.core,CoreApplication,create_new_view_from_main_view,create_new_view,no
winrt.windows.applicationmodel.core,CoreApplication,create_new_view_with_view_source,create_new_view,no
winrt.windows.applicationmodel.datatransfer,DataPackage,set_storage_items_read_only,set_storage_items,no
winrt.windows.applicationmodel.datatransfer,DataPackageView,get_custom_text_async,get_text_async,no
winrt.windows.applicationmodel.datatransfer,DataPackageView,request_access_with_enterprise_id_async,request_access_async,no
winrt.windows.applicationmodel.datatransfer,DataTransferManager,show_share_ui_with_options,show_share_ui,no
winrt.windows.applicationmodel.datatransfer.dragdrop.core,CoreDragOperation,set_drag_ui_content_from_software_bitmap_with_anchor_point,set_drag_ui_content_from_software_bitmap,no
winrt.windows.applicationmodel.datatransfer.dragdrop.core,CoreDragUIOverride,set_content_from_software_bitmap_with_anchor_point,set_content_from_software_bitmap,no
winrt.windows.applicationmodel.datatransfer.sharetarget,ShareOperation,report_completed_with_quick_link,report_completed,no
winrt.windows.applicationmodel.email,EmailConversation,find_messages_with_count_async,find_messages_async,no
winrt.windows.applicationmodel.email,EmailFolder,get_conversation_reader_with_options,get_conversation_reader,no
winrt.windows.applicationmodel.email,EmailFolder,get_message_reader_with_options,get_message_reader,no
winrt.windows.applicationmodel.email,EmailFolder,try_move_with_new_name_async,try_move_async,no
winrt.windows.applicationmodel.email,EmailMailbox,get_conversation_reader_with_options,get_conversation_reader,no
winrt.windows.applicationmodel.email,EmailMailbox,get_message_reader_with_options,get_message_reader,no
winrt.windows.applicationmodel.email,EmailMailbox,smart_send_message_async,send_message_async,no
winrt.windows.applicationmodel.email,EmailMailbox,try_move_folder_with_new_name_async,try_move_folder_async,no
winrt.windows.applicationmodel.email,EmailStore,create_mailbox_in_account_async,create_mailbox_async,no
winrt.windows.applicationmodel.email,EmailStore,get_conversation_reader_with_options,get_conversation_reader,no
winrt.windows.applicationmodel.email,EmailStore,get_message_reader_with_options,get_message_reader,no
winrt.windows.applicationmodel.holographic,HolographicKeyboard,set_placement_override_with_max_size,set_placement_override,no
winrt.windows.applicationmodel.payments,PaymentMediator,submit_payment_request_with_change_handler_async,submit_payment_request_async,no
winrt.windows.applicationmodel.preview.holographic,HolographicKeyboardPlacementOverridePreview,set_placement_override_with_max_size,set_placement_override,no
winrt.windows.applicationmodel.preview.notes,NotesWindowManagerPreview,show_note_relative_to_with_options,show_note_relative_to,no
winrt.windows.applicationmodel.preview.notes,NotesWindowManagerPreview,show_note_with_placement_with_options,show_note_with_placement,no
winrt.windows.applicationmodel.resources,ResourceLoader,get_for_current_view_with_name,get_for_current_view,no
winrt.windows.applicationmodel.resources,ResourceLoader,get_for_view_independent_use_with_name,get_for_view_independent_use,no
winrt.windows.applicationmodel.resources.core,NamedResource,resolve_all_for_context,resolve_all,no
winrt.windows.applicationmodel.resources.core,NamedResource,resolve_for_context,resolve,no
winrt.windows.applicationmodel.resources.core,ResourceContext,reset_global_qualifier_values_for_specified_qualifiers,reset_global_qualifier_values,no
winrt.windows.applicationmodel.resources.core,ResourceContext,reset_qualifier_values,reset,no
winrt.windows.applicationmodel.resources.core,ResourceContext,set_global_qualifier_value_with_persistence,set_global_qualifier_value,no
winrt.windows.applicationmodel.resources.core,ResourceMap,get_value_for_context,get_value,no
winrt.windows.applicationmodel.search,SearchPane,show_overload_default,show,no
winrt.windows.applicationmodel.search,SearchPane,show_overload_with_query,show,no
winrt.windows.applicationmodel.search.core,SearchSuggestionManager,add_to_history_with_language,add_to_history,no
winrt.windows.applicationmodel.search.core,SearchSuggestionManager,set_query_with_language,set_query,no
winrt.windows.applicationmodel.search.core,SearchSuggestionManager,set_query_with_search_query_linguistic_details,set_query,no
winrt.windows.applicationmodel.store,CurrentApp,request_product_purchase_with_display_properties_async,request_product_purchase_async,no
winrt.windows.applicationmodel.store,CurrentApp,request_product_purchase_with_results_async,request_product_purchase_async,no
winrt.windows.applicationmodel.store,CurrentAppSimulator,request_product_purchase_with_display_properties_async,request_product_purchase_async,no
winrt.windows.applicationmodel.store,CurrentAppSimulator,request_product_purchase_with_results_async,request_product_purchase_async,no
winrt.windows.applicationmodel.store.preview,WebAuthenticationCoreManagerHelper,request_token_with_ui_element_hosting_and_web_account_async,request_token_with_ui_element_hosting_async,no
winrt.windows.applicationmodel.store.preview.installcontrol,AppInstallItem,cancel_with_telemetry,cancel,no
winrt.windows.applicationmodel.store.preview.installcontrol,AppInstallItem,pause_with_telemetry,pause,no
winrt.windows.applicationmodel.store.preview.installcontrol,AppInstallItem,restart_with_telemetry,restart,no
winrt.windows.applicationmodel.store.preview.installcontrol,AppInstallManager,cancel_with_telemetry,cancel,no
winrt.windows.applicationmodel.store.preview.installcontrol,AppInstallManager,get_is_app_allowed_to_install_with_telemetry_async,get_is_app_allowed_to_install_async,no
winrt.windows.applicationmodel.store.preview.installcontrol,AppInstallManager,pause_with_telemetry,pause,no
winrt.windows.applicationmodel.store.preview.installcontrol,AppInstallManager,restart_with_telemetry,restart,no
winrt.windows.applicationmodel.store.preview.installcontrol,AppInstallManager,search_for_all_updates_with_telemetry_async,search_for_all_updates_async,no
winrt.windows.applicationmodel.store.preview.installcontrol,AppInstallManager,search_for_all_updates_with_update_options_async,search_for_all_updates_async,no
winrt.windows.applicationmodel.store.preview.installcontrol,AppInstallManager,search_for_all_updates_with_update_options_for_user_async,search_for_all_updates_for_user_async,no
winrt.windows.applicationmodel.store.preview.installcontrol,AppInstallManager,search_for_updates_with_telemetry_async,search_for_updates_async,no
winrt.windows.applicationmodel.store.preview.installcontrol,AppInstallManager,search_for_updates_with_update_options_async,search_for_updates_async,no
winrt.windows.applicationmodel.store.preview.installcontrol,AppInstallManager,search_for_updates_with_update_options_for_user_async,search_for_updates_for_user_async,no
winrt.windows.applicationmodel.store.preview.installcontrol,AppInstallManager,start_app_install_with_telemetry_async,start_app_install_async,no
winrt.windows.applicationmodel.store.preview.installcontrol,AppInstallManager,start_product_install_with_options_async,start_product_install_async,no
winrt.windows.applicationmodel.store.preview.installcontrol,AppInstallManager,start_product_install_with_options_for_user_async,start_product_install_for_user_async,no
winrt.windows.applicationmodel.store.preview.installcontrol,AppInstallManager,update_app_by_package_family_name_with_telemetry_async,update_app_by_package_family_name_async,no
winrt.windows.applicationmodel.userdataaccounts,UserDataAccountStore,create_account_with_package_relative_app_id_and_enterprise_id_async,create_account_async,no
winrt.windows.applicationmodel.userdataaccounts,UserDataAccountStore,create_account_with_package_relative_app_id_async,create_account_async,no
winrt.windows.applicationmodel.userdatatasks,UserDataTaskList,get_task_reader_with_options,get_task_reader,no
winrt.windows.applicationmodel.userdatatasks,UserDataTaskStore,create_list_in_account_async,create_list_async,no
winrt.windows.applicationmodel.voicecommands,VoiceCommandResponse,create_response_for_prompt_with_tiles,create_response_for_prompt,no
winrt.windows.applicationmodel.voicecommands,VoiceCommandResponse,create_response_with_tiles,create_response,no
winrt.windows.applicationmodel.wallet,WalletItemStore,get_items_with_kind_async,get_items_async,no
winrt.windows.applicationmodel.wallet,WalletItemStore,show_item_async,show_async,no
winrt.windows.data.json,JsonObject,get_named_array_or_default,get_named_array,no
winrt.windows.data.json,JsonObject,get_named_boolean_or_default,get_named_boolean,no
winrt.windows.data.json,JsonObject,get_named_number_or_default,get_named_number,no
winrt.windows.data.json,JsonObject,get_named_object_or_default,get_named_object,no
winrt.windows.data.json,JsonObject,get_named_string_or_default,get_named_string,no
winrt.windows.data.json,JsonObject,get_named_value_or_default,get_named_value,no
winrt.windows.data.pdf,PdfDocument,load_from_file_with_password_async,load_from_file_async,no
winrt.windows.data.pdf,PdfDocument,load_from_stream_with_password_async,load_from_stream_async,no
winrt.windows.data.pdf,PdfPage,render_with_options_to_stream_async,render_to_stream_async,no
winrt.windows.data.text,TextConversionGenerator,get_candidates_with_max_count_async,get_candidates_async,no
winrt.windows.data.text,TextPredictionGenerator,get_candidates_with_max_count_async,get_candidates_async,no
winrt.windows.data.text,TextPredictionGenerator,get_candidates_with_parameters_async,get_candidates_async,no
winrt.windows.data.xml.dom,XmlDocument,load_from_file_with_settings_async,load_from_file_async,no
winrt.windows.data.xml.dom,XmlDocument,load_from_uri_with_settings_async,load_from_uri_async,no
winrt.windows.data.xml.dom,XmlDocument,load_xml_from_buffer_with_settings,load_xml_from_buffer,no
winrt.windows.data.xml.dom,XmlDocument,load_xml_with_settings,load_xml,no
winrt.windows.devices.bluetooth,BluetoothDevice,get_rfcomm_services_for_id_with_cache_mode_async,get_rfcomm_services_for_id_async,no
winrt.windows.devices.bluetooth,BluetoothDevice,get_rfcomm_services_with_cache_mode_async,get_rfcomm_services_async,no
winrt.windows.devices.bluetooth,BluetoothLEDevice,from_bluetooth_address_with_bluetooth_address_type_async,from_bluetooth_address_async,no
winrt.windows.devices.bluetooth,BluetoothLEDevice,get_device_selector_from_bluetooth_address_with_bluetooth_address_type,get_device_selector_from_bluetooth_address,no
winrt.windows.devices.bluetooth,BluetoothLEDevice,get_gatt_services_for_uuid_with_cache_mode_async,get_gatt_services_for_uuid_async,no
winrt.windows.devices.bluetooth,BluetoothLEDevice,get_gatt_services_with_cache_mode_async,get_gatt_services_async,no
winrt.windows.devices.bluetooth.genericattributeprofile,GattCharacteristic,get_descriptors_for_uuid_with_cache_mode_async,get_descriptors_for_uuid_async,no
winrt.windows.devices.bluetooth.genericattributeprofile,GattCharacteristic,get_descriptors_with_cache_mode_async,get_descriptors_async,no
winrt.windows.devices.bluetooth.genericattributeprofile,GattCharacteristic,read_value_with_cache_mode_async,read_value_async,no
winrt.windows.devices.bluetooth.genericattributeprofile,GattCharacteristic,write_value_with_option_async,write_value_async,no
winrt.windows.devices.bluetooth.genericattributeprofile,GattCharacteristic,write_value_with_result_and_option_async,write_value_with_result_async,no
winrt.windows.devices.bluetooth.genericattributeprofile,GattDescriptor,read_value_with_cache_mode_async,read_value_async,no
winrt.windows.devices.bluetooth.genericattributeprofile,GattDeviceService,from_id_with_sharing_mode_async,from_id_async,no
winrt.windows.devices.bluetooth.genericattributeprofile,GattDeviceService,get_characteristics_for_uuid_with_cache_mode_async,get_characteristics_for_uuid_async,no
winrt.windows.devices.bluetooth.genericattributeprofile,GattDeviceService,get_characteristics_with_cache_mode_async,get_characteristics_async,no
winrt.windows.devices.bluetooth.genericattributeprofile,GattDeviceService,get_device_selector_for_bluetooth_device_id_and_uuid_with_cache_mode,get_device_selector_for_bluetooth_device_id_and_uuid,no
winrt.windows.devices.bluetooth.genericattributeprofile,GattDeviceService,get_device_selector_for_bluetooth_device_id_with_cache_mode,get_device_selector_for_bluetooth_device_id,no
winrt.windows.devices.bluetooth.genericattributeprofile,GattDeviceService,get_included_services_for_uuid_with_cache_mode_async,get_included_services_for_uuid_async,no
winrt.windows.devices.bluetooth.genericattributeprofile,GattDeviceService,get_included_services_with_cache_mode_async,get_included_services_async,no
winrt.windows.devices.bluetooth.genericattributeprofile,GattLocalCharacteristic,notify_value_for_subscribed_client_async,notify_value_async,no
winrt.windows.devices.bluetooth.genericattributeprofile,GattServiceProvider,start_advertising_with_parameters,start_advertising,no
winrt.windows.devices.bluetooth.rfcomm,RfcommDeviceService,get_device_selector_for_bluetooth_device_and_service_id_with_cache_mode,get_device_selector_for_bluetooth_device_and_service_id,no
winrt.windows.devices.bluetooth.rfcomm,RfcommDeviceService,get_device_selector_for_bluetooth_device_with_cache_mode,get_device_selector_for_bluetooth_device,no
winrt.windows.devices.bluetooth.rfcomm,RfcommDeviceService,get_sdp_raw_attributes_with_cache_mode_async,get_sdp_raw_attributes_async,no
winrt.windows.devices.bluetooth.rfcomm,RfcommServiceProvider,start_advertising_with_radio_discoverability,start_advertising,no
winrt.windows.devices.display.core,DisplayState,connect_target_to_view,connect_target,no
winrt.windows.devices.enumeration,DeviceInformation,create_from_id_async_additional_properties,create_from_id_async,no
winrt.windows.devices.enumeration,DeviceInformation,create_from_id_async_with_additional_properties_kind_and_settings,create_from_id_async,no
winrt.windows.devices.enumeration,DeviceInformation,create_from_id_async_with_kind_and_additional_properties,create_from_id_async,no
winrt.windows.devices.enumeration,DeviceInformation,create_watcher_aqs_filter_and_additional_properties,create_watcher,no
winrt.windows.devices.enumeration,DeviceInformation,create_watcher_device_class,create_watcher,no
winrt.windows.devices.enumeration,DeviceInformation,create_watcher_with_aqs_filter_additional_properties_kind_and_settings,create_watcher,no
winrt.windows.devices.enumeration,DeviceInformation,create_watcher_with_kind_aqs_filter_and_additional_properties,create_watcher,no
winrt.windows.devices.enumeration,DeviceInformation,find_all_async_aqs_filter_and_additional_properties,find_all_async,no
winrt.windows.devices.enumeration,DeviceInformation,find_all_async_device_class,find_all_async,no
winrt.windows.devices.enumeration,DeviceInformation,find_all_async_with_aqs_filter_additional_properties_kind_and_settings,find_all_async,no
winrt.windows.devices.enumeration,DeviceInformation,find_all_async_with_kind_aqs_filter_and_additional_properties,find_all_async,no
winrt.windows.devices.enumeration,DeviceInformationCustomPairing,pair_with_protection_level_and_settings_async,pair_async,no
winrt.windows.devices.enumeration,DeviceInformationCustomPairing,pair_with_protection_level_async,pair_async,no
winrt.windows.devices.enumeration,DeviceInformationPairing,pair_with_protection_level_and_settings_async,pair_async,no
winrt.windows.devices.enumeration,DeviceInformationPairing,pair_with_protection_level_async,pair_async,no
winrt.windows.devices.enumeration,DevicePairingRequestedEventArgs,accept_with_pin,accept,no
winrt.windows.devices.enumeration,DevicePicker,pick_single_device_async_with_placement,pick_single_device_async,no
winrt.windows.devices.enumeration,DevicePicker,show_with_placement,show,no
winrt.windows.devices.enumeration.pnp,PnpObject,create_watcher_aqs_filter,create_watcher,no
winrt.windows.devices.enumeration.pnp,PnpObject,find_all_async_aqs_filter,find_all_async,no
winrt.windows.devices.geolocation,GeoboundingBox,try_compute_with_altitude_reference,try_compute,no
winrt.windows.devices.geolocation,GeoboundingBox,try_compute_with_altitude_reference_and_spatial_reference,try_compute,no
winrt.windows.devices.geolocation,Geolocator,get_geoposition_async_with_age_and_timeout,get_geoposition_async,no
winrt.windows.devices.geolocation,Geolocator,get_geoposition_history_with_duration_async,get_geoposition_history_async,no
winrt.windows.devices.gpio,GpioController,open_pin_with_sharing_mode,open_pin,no
winrt.windows.devices.haptics,SimpleHapticsController,send_haptic_feedback_with_intensity,send_haptic_feedback,no
winrt.windows.devices.humaninterfacedevice,HidDevice,create_feature_report_by_id,create_feature_report,no
winrt.windows.devices.humaninterfacedevice,HidDevice,create_output_report_by_id,create_output_report,no
winrt.windows.devices.humaninterfacedevice,HidDevice,get_device_selector_vid_pid,get_device_selector,no
winrt.windows.devices.humaninterfacedevice,HidDevice,get_feature_report_by_id_async,get_feature_report_async,no
winrt.windows.devices.humaninterfacedevice,HidDevice,get_input_report_by_id_async,get_input_report_async,no
winrt.windows.devices.i2c,I2cDevice,get_device_selector_from_friendly_name,get_device_selector,no
winrt.windows.devices.i2c,II2cDeviceStatics,get_device_selector_from_friendly_name,get_device_selector,no
winrt.windows.devices.midi,MidiSynthesizer,create_from_audio_device_async,create_async,no
winrt.windows.devices.pointofservice,BarcodeScanner,get_device_selector_with_connection_types,get_device_selector,no
winrt.windows.devices.pointofservice,CashDrawer,get_device_selector_with_connection_types,get_device_selector,no
winrt.windows.devices.pointofservice,ClaimedLineDisplay,get_device_selector_with_connection_types,get_device_selector,no
winrt.windows.devices.pointofservice,ClaimedLineDisplay,try_store_storage_file_bitmap_with_alignment_and_width_async,try_store_storage_file_bitmap_async,no
winrt.windows.devices.pointofservice,ClaimedLineDisplay,try_store_storage_file_bitmap_with_alignment_async,try_store_storage_file_bitmap_async,no
winrt.windows.devices.pointofservice,IPosPrinterJob,print_newline,print_line,no
winrt.windows.devices.pointofservice,IReceiptOrSlipJob,print_bitmap_custom_width_custom_align,print_custom_aligned_bitmap,no
winrt.windows.devices.pointofservice,IReceiptOrSlipJob,print_bitmap_custom_width_standard_align,print_bitmap,no
winrt.windows.devices.pointofservice,IReceiptOrSlipJob,set_bitmap_custom_width_custom_align,set_custom_aligned_bitmap,no
winrt.windows.devices.pointofservice,IReceiptOrSlipJob,set_bitmap_custom_width_standard_align,set_bitmap,no
winrt.windows.devices.pointofservice,JournalPrintJob,print_newline,print_line,no
winrt.windows.devices.pointofservice,LineDisplay,get_device_selector_with_connection_types,get_device_selector,no
winrt.windows.devices.pointofservice,LineDisplayWindow,try_display_storage_file_bitmap_at_cursor_with_alignment_and_width_async,try_display_storage_file_bitmap_at_cursor_async,no
winrt.windows.devices.pointofservice,LineDisplayWindow,try_display_storage_file_bitmap_at_cursor_with_alignment_async,try_display_storage_file_bitmap_at_cursor_async,no
winrt.windows.devices.pointofservice,LineDisplayWindow,try_display_storage_file_bitmap_at_point_with_width_async,try_display_storage_file_bitmap_at_point_async,no
winrt.windows.devices.pointofservice,LineDisplayWindow,try_display_text_at_position_async,try_display_text_async,no
winrt.windows.devices.pointofservice,LineDisplayWindow,try_display_text_normal_async,try_display_text_async,no
winrt.windows.devices.pointofservice,MagneticStripeReader,get_device_selector_with_connection_types,get_device_selector,no
winrt.windows.devices.pointofservice,PosPrinter,get_device_selector_with_connection_types,get_device_selector,no
winrt.windows.devices.pointofservice,ReceiptPrintJob,cut_paper_default,cut_paper,no
winrt.windows.devices.pointofservice,ReceiptPrintJob,print_bitmap_custom_width_custom_align,print_custom_aligned_bitmap,no
winrt.windows.devices.pointofservice,ReceiptPrintJob,print_bitmap_custom_width_standard_align,print_bitmap,no
winrt.windows.devices.pointofservice,ReceiptPrintJob,print_newline,print_line,no
winrt.windows.devices.pointofservice,ReceiptPrintJob,set_bitmap_custom_width_custom_align,set_custom_aligned_bitmap,no
winrt.windows.devices.pointofservice,ReceiptPrintJob,set_bitmap_custom_width_standard_align,set_bitmap,no
winrt.windows.devices.pointofservice,SlipPrintJob,print_bitmap_custom_width_custom_align,print_custom_aligned_bitmap,no
winrt.windows.devices.pointofservice,SlipPrintJob,print_bitmap_custom_width_standard_align,print_bitmap,no
winrt.windows.devices.pointofservice,SlipPrintJob,print_newline,print_line,no
winrt.windows.devices.pointofservice,SlipPrintJob,set_bitmap_custom_width_custom_align,set_custom_aligned_bitmap,no
winrt.windows.devices.pointofservice,SlipPrintJob,set_bitmap_custom_width_standard_align,set_bitmap,no
winrt.windows.devices.pointofservice.provider,BarcodeScannerDisableScannerRequest,report_failed_with_failed_reason_and_description_async,report_failed_async,no
winrt.windows.devices.pointofservice.provider,BarcodeScannerDisableScannerRequest,report_failed_with_failed_reason_async,report_failed_async,no
winrt.windows.devices.pointofservice.provider,BarcodeScannerEnableScannerRequest,report_failed_with_failed_reason_and_description_async,report_failed_async,no
winrt.windows.devices.pointofservice.provider,BarcodeScannerEnableScannerRequest,report_failed_with_failed_reason_async,report_failed_async,no
winrt.windows.devices.pointofservice.provider,BarcodeScannerGetSymbologyAttributesRequest,report_failed_with_failed_reason_and_description_async,report_failed_async,no
winrt.windows.devices.pointofservice.provider,BarcodeScannerGetSymbologyAttributesRequest,report_failed_with_failed_reason_async,report_failed_async,no
winrt.windows.devices.pointofservice.provider,BarcodeScannerHideVideoPreviewRequest,report_failed_with_failed_reason_and_description_async,report_failed_async,no
winrt.windows.devices.pointofservice.provider,BarcodeScannerHideVideoPreviewRequest,report_failed_with_failed_reason_async,report_failed_async,no
winrt.windows.devices.pointofservice.provider,BarcodeScannerProviderConnection,create_frame_reader_with_format_and_size_async,create_frame_reader_async,no
winrt.windows.devices.pointofservice.provider,BarcodeScannerProviderConnection,create_frame_reader_with_format_async,create_frame_reader_async,no
winrt.windows.devices.pointofservice.provider,BarcodeScannerProviderConnection,report_error_async_with_scan_report,report_error_async,no
winrt.windows.devices.pointofservice.provider,BarcodeScannerSetActiveSymbologiesRequest,report_failed_with_failed_reason_and_description_async,report_failed_async,no
winrt.windows.devices.pointofservice.provider,BarcodeScannerSetActiveSymbologiesRequest,report_failed_with_failed_reason_async,report_failed_async,no
winrt.windows.devices.pointofservice.provider,BarcodeScannerSetSymbologyAttributesRequest,report_failed_with_failed_reason_and_description_async,report_failed_async,no
winrt.windows.devices.pointofservice.provider,BarcodeScannerSetSymbologyAttributesRequest,report_failed_with_failed_reason_async,report_failed_async,no
winrt.windows.devices.pointofservice.provider,BarcodeScannerStartSoftwareTriggerRequest,report_failed_with_failed_reason_and_description_async,report_failed_async,no
winrt.windows.devices.pointofservice.provider,BarcodeScannerStartSoftwareTriggerRequest,report_failed_with_failed_reason_async,report_failed_async,no
winrt.windows.devices.pointofservice.provider,BarcodeScannerStopSoftwareTriggerRequest,report_failed_with_failed_reason_and_description_async,report_failed_async,no
winrt.windows.devices.pointofservice.provider,BarcodeScannerStopSoftwareTriggerRequest,report_failed_with_failed_reason_async,report_failed_async,no
winrt.windows.devices.printers,VirtualPrinterManager,find_all_virtual_printers2,find_all_virtual_printers,no
winrt.windows.devices.printers,VirtualPrinterManager,install_virtual_printer_async2,install_virtual_printer_async,no
winrt.windows.devices.printers,VirtualPrinterManager,install_virtual_printer_for_all_users_async2,install_virtual_printer_for_all_users_async,no
winrt.windows.devices.pwm,PwmController,get_device_selector_from_friendly_name,get_device_selector,no
winrt.windows.devices.sensors,Accelerometer,get_default_with_accelerometer_reading_type,get_default,no
winrt.windows.devices.sensors,ActivitySensor,get_system_history_with_duration_async,get_system_history_async,no
winrt.windows.devices.sensors,Inclinometer,get_default_with_sensor_reading_type,get_default,no
winrt.windows.devices.sensors,OrientationSensor,get_default_with_sensor_reading_type,get_default,no
winrt.windows.devices.sensors,OrientationSensor,get_default_with_sensor_reading_type_and_sensor_optimization_goal,get_default,no
winrt.windows.devices.sensors,OrientationSensor,get_device_selector_with_sensor_reading_type_and_sensor_optimization_goal,get_device_selector,no
winrt.windows.devices.sensors,Pedometer,get_system_history_with_duration_async,get_system_history_async,no
winrt.windows.devices.serialcommunication,SerialDevice,get_device_selector_from_port_name,get_device_selector,no
winrt.windows.devices.smartcards,SmartCardChallengeContext,provision_async_with_new_card_id,provision_async,no
winrt.windows.devices.smartcards,SmartCardCryptogramGenerator,get_all_cryptogram_material_package_characteristics_with_storage_key_async,get_all_cryptogram_material_package_characteristics_async,no
winrt.windows.devices.smartcards,SmartCardEmulatorApduReceivedEventArgs,try_respond_with_cryptograms_and_state_async,try_respond_with_cryptograms_async,no
winrt.windows.devices.smartcards,SmartCardEmulatorApduReceivedEventArgs,try_respond_with_state_async,try_respond_async,no
winrt.windows.devices.smartcards,SmartCardProvisioning,request_attested_virtual_smart_card_creation_async_with_card_id,request_attested_virtual_smart_card_creation_async,no
winrt.windows.devices.smartcards,SmartCardProvisioning,request_virtual_smart_card_creation_async_with_card_id,request_virtual_smart_card_creation_async,no
winrt.windows.devices.smartcards,SmartCardReader,get_device_selector_with_kind,get_device_selector,no
winrt.windows.devices.smartcards,SmartCardTriggerDetails,try_launch_current_app_with_behavior_async,try_launch_current_app_async,no
winrt.windows.devices.spi,ISpiDeviceStatics,get_device_selector_from_friendly_name,get_device_selector,no
winrt.windows.devices.spi,SpiDevice,get_device_selector_from_friendly_name,get_device_selector,no
winrt.windows.devices.usb,UsbDevice,get_device_selector_guid_only,get_device_selector,no
winrt.windows.devices.usb,UsbDevice,get_device_selector_vid_pid_only,get_device_selector,no
winrt.windows.devices.usb,UsbDevice,send_control_in_transfer_async_no_buffer,send_control_in_transfer_async,no
winrt.windows.devices.usb,UsbDevice,send_control_out_transfer_async_no_buffer,send_control_out_transfer_async,no
winrt.windows.devices.wifi,WiFiAdapter,connect_with_password_credential_and_ssid_and_connection_method_async,connect_async,no
winrt.windows.devices.wifi,WiFiAdapter,connect_with_password_credential_and_ssid_async,connect_async,no
winrt.windows.devices.wifi,WiFiAdapter,connect_with_password_credential_async,connect_async,no
winrt.windows.devices.wifidirect.services,WiFiDirectService,connect_async_with_pin,connect_async,no
winrt.windows.devices.wifidirect.services,WiFiDirectService,get_selector_with_filter,get_selector,no
winrt.windows.devices.wifidirect.services,WiFiDirectServiceAdvertiser,connect_async_with_pin,connect_async,no
winrt.windows.foundation.diagnostics,FileLoggingSession,add_logging_channel_with_level,add_logging_channel,no
winrt.windows.foundation.diagnostics,IFileLoggingSession,add_logging_channel_with_level,add_logging_channel,no
winrt.windows.foundation.diagnostics,ILoggingChannel,log_message_with_level,log_message,no
winrt.windows.foundation.diagnostics,ILoggingChannel,log_value_pair_with_level,log_value_pair,no
winrt.windows.foundation.diagnostics,ILoggingSession,add_logging_channel_with_level,add_logging_channel,no
winrt.windows.foundation.diagnostics,ILoggingTarget,is_enabled_with_level,is_enabled,no
winrt.windows.foundation.diagnostics,ILoggingTarget,is_enabled_with_level_and_keywords,is_enabled,no
winrt.windows.foundation.diagnostics,ILoggingTarget,log_event_with_fields,log_event,no
winrt.windows.foundation.diagnostics,ILoggingTarget,log_event_with_fields_and_level,log_event,no
winrt.windows.foundation.diagnostics,ILoggingTarget,log_event_with_fields_and_options,log_event,no
winrt.windows.foundation.diagnostics,ILoggingTarget,start_activity_with_fields,start_activity,no
winrt.windows.foundation.diagnostics,ILoggingTarget,start_activity_with_fields_and_level,start_activity,no
winrt.windows.foundation.diagnostics,ILoggingTarget,start_activity_with_fields_and_options,start_activity,no
winrt.windows.foundation.diagnostics,LoggingActivity,is_enabled_with_level,is_enabled,no
winrt.windows.foundation.diagnostics,LoggingActivity,is_enabled_with_level_and_keywords,is_enabled,no
winrt.windows.foundation.diagnostics,LoggingActivity,log_event_with_fields,log_event,no
winrt.windows.foundation.diagnostics,LoggingActivity,log_event_with_fields_and_level,log_event,no
winrt.windows.foundation.diagnostics,LoggingActivity,log_event_with_fields_and_options,log_event,no
winrt.windows.foundation.diagnostics,LoggingActivity,start_activity_with_fields,start_activity,no
winrt.windows.foundation.diagnostics,LoggingActivity,start_activity_with_fields_and_level,start_activity,no
winrt.windows.foundation.diagnostics,LoggingActivity,start_activity_with_fields_and_options,start_activity,no
winrt.windows.foundation.diagnostics,LoggingActivity,stop_activity_with_fields,stop_activity,no
winrt.windows.foundation.diagnostics,LoggingActivity,stop_activity_with_fields_and_options,stop_activity,no
winrt.windows.foundation.diagnostics,LoggingChannel,is_enabled_with_level,is_enabled,no
winrt.windows.foundation.diagnostics,LoggingChannel,is_enabled_with_level_and_keywords,is_enabled,no
winrt.windows.foundation.diagnostics,LoggingChannel,log_event_with_fields,log_event,no
winrt.windows.foundation.diagnostics,LoggingChannel,log_event_with_fields_and_level,log_event,no
winrt.windows.foundation.diagnostics,LoggingChannel,log_event_with_fields_and_options,log_event,no
winrt.windows.foundation.diagnostics,LoggingChannel,log_message_with_level,log_message,no
winrt.windows.foundation.diagnostics,LoggingChannel,log_value_pair_with_level,log_value_pair,no
winrt.windows.foundation.diagnostics,LoggingChannel,start_activity_with_fields,start_activity,no
winrt.windows.foundation.diagnostics,LoggingChannel,start_activity_with_fields_and_level,start_activity,no
winrt.windows.foundation.diagnostics,LoggingChannel,start_activity_with_fields_and_options,start_activity,no
winrt.windows.foundation.diagnostics,LoggingFields,add_boolean_array_with_format,add_boolean_array,no
winrt.windows.foundation.diagnostics,LoggingFields,add_boolean_array_with_format_and_tags,add_boolean_array,no
winrt.windows.foundation.diagnostics,LoggingFields,add_boolean_with_format,add_boolean,no
winrt.windows.foundation.diagnostics,LoggingFields,add_boolean_with_format_and_tags,add_boolean,no
winrt.windows.foundation.diagnostics,LoggingFields,add_char16_array_with_format,add_char16_array,no
winrt.windows.foundation.diagnostics,LoggingFields,add_char16_array_with_format_and_tags,add_char16_array,no
winrt.windows.foundation.diagnostics,LoggingFields,add_char16_with_format,add_char16,no
winrt.windows.foundation.diagnostics,LoggingFields,add_char16_with_format_and_tags,add_char16,no
winrt.windows.foundation.diagnostics,LoggingFields,add_date_time_array_with_format,add_date_time_array,no
winrt.windows.foundation.diagnostics,LoggingFields,add_date_time_array_with_format_and_tags,add_date_time_array,no
winrt.windows.foundation.diagnostics,LoggingFields,add_date_time_with_format,add_date_time,no
winrt.windows.foundation.diagnostics,LoggingFields,add_date_time_with_format_and_tags,add_date_time,no
winrt.windows.foundation.diagnostics,LoggingFields,add_double_array_with_format,add_double_array,no
winrt.windows.foundation.diagnostics,LoggingFields,add_double_array_with_format_and_tags,add_double_array,no
winrt.windows.foundation.diagnostics,LoggingFields,add_double_with_format,add_double,no
winrt.windows.foundation.diagnostics,LoggingFields,add_double_with_format_and_tags,add_double,no
winrt.windows.foundation.diagnostics,LoggingFields,add_empty_with_format,add_empty,no
winrt.windows.foundation.diagnostics,LoggingFields,add_empty_with_format_and_tags,add_empty,no
winrt.windows.foundation.diagnostics,LoggingFields,add_guid_array_with_format,add_guid_array,no
winrt.windows.foundation.diagnostics,LoggingFields,add_guid_array_with_format_and_tags,add_guid_array,no
winrt.windows.foundation.diagnostics,LoggingFields,add_guid_with_format,add_guid,no
winrt.windows.foundation.diagnostics,LoggingFields,add_guid_with_format_and_tags,add_guid,no
winrt.windows.foundation.diagnostics,LoggingFields,add_int16_array_with_format,add_int16_array,no
winrt.windows.foundation.diagnostics,LoggingFields,add_int16_array_with_format_and_tags,add_int16_array,no
winrt.windows.foundation.diagnostics,LoggingFields,add_int16_with_format,add_int16,no
winrt.windows.foundation.diagnostics,LoggingFields,add_int16_with_format_and_tags,add_int16,no
winrt.windows.foundation.diagnostics,LoggingFields,add_int32_array_with_format,add_int32_array,no
winrt.windows.foundation.diagnostics,LoggingFields,add_int32_array_with_format_and_tags,add_int32_array,no
winrt.windows.foundation.diagnostics,LoggingFields,add_int32_with_format,add_int32,no
winrt.windows.foundation.diagnostics,LoggingFields,add_int32_with_format_and_tags,add_int32,no
winrt.windows.foundation.diagnostics,LoggingFields,add_int64_array_with_format,add_int64_array,no
winrt.windows.foundation.diagnostics,LoggingFields,add_int64_array_with_format_and_tags,add_int64_array,no
winrt.windows.foundation.diagnostics,LoggingFields,add_int64_with_format,add_int64,no
winrt.windows.foundation.diagnostics,LoggingFields,add_int64_with_format_and_tags,add_int64,no
winrt.windows.foundation.diagnostics,LoggingFields,add_point_array_with_format,add_point_array,no
winrt.windows.foundation.diagnostics,LoggingFields,add_point_array_with_format_and_tags,add_point_array,no
winrt.windows.foundation.diagnostics,LoggingFields,add_point_with_format,add_point,no
winrt.windows.foundation.diagnostics,LoggingFields,add_point_with_format_and_tags,add_point,no
winrt.windows.foundation.diagnostics,LoggingFields,add_rect_array_with_format,add_rect_array,no
winrt.windows.foundation.diagnostics,LoggingFields,add_rect_array_with_format_and_tags,add_rect_array,no
winrt.windows.foundation.diagnostics,LoggingFields,add_rect_with_format,add_rect,no
winrt.windows.foundation.diagnostics,LoggingFields,add_rect_with_format_and_tags,add_rect,no
winrt.windows.foundation.diagnostics,LoggingFields,add_single_array_with_format,add_single_array,no
winrt.windows.foundation.diagnostics,LoggingFields,add_single_array_with_format_and_tags,add_single_array,no
winrt.windows.foundation.diagnostics,LoggingFields,add_single_with_format,add_single,no
winrt.windows.foundation.diagnostics,LoggingFields,add_single_with_format_and_tags,add_single,no
winrt.windows.foundation.diagnostics,LoggingFields,add_size_array_with_format,add_size_array,no
winrt.windows.foundation.diagnostics,LoggingFields,add_size_array_with_format_and_tags,add_size_array,no
winrt.windows.foundation.diagnostics,LoggingFields,add_size_with_format,add_size,no
winrt.windows.foundation.diagnostics,LoggingFields,add_size_with_format_and_tags,add_size,no
winrt.windows.foundation.diagnostics,LoggingFields,add_string_array_with_format,add_string_array,no
winrt.windows.foundation.diagnostics,LoggingFields,add_string_array_with_format_and_tags,add_string_array,no
winrt.windows.foundation.diagnostics,LoggingFields,add_string_with_format,add_string,no
winrt.windows.foundation.diagnostics,LoggingFields,add_string_with_format_and_tags,add_string,no
winrt.windows.foundation.diagnostics,LoggingFields,add_time_span_array_with_format,add_time_span_array,no
winrt.windows.foundation.diagnostics,LoggingFields,add_time_span_array_with_format_and_tags,add_time_span_array,no
winrt.windows.foundation.diagnostics,LoggingFields,add_time_span_with_format,add_time_span,no
winrt.windows.foundation.diagnostics,LoggingFields,add_time_span_with_format_and_tags,add_time_span,no
winrt.windows.foundation.diagnostics,LoggingFields,add_uint16_array_with_format,add_uint16_array,no
winrt.windows.foundation.diagnostics,LoggingFields,add_uint16_array_with_format_and_tags,add_uint16_array,no
winrt.windows.foundation.diagnostics,LoggingFields,add_uint16_with_format,add_uint16,no
winrt.windows.foundation.diagnostics,LoggingFields,add_uint16_with_format_and_tags,add_uint16,no
winrt.windows.foundation.diagnostics,LoggingFields,add_uint32_array_with_format,add_uint32_array,no
winrt.windows.foundation.diagnostics,LoggingFields,add_uint32_array_with_format_and_tags,add_uint32_array,no
winrt.windows.foundation.diagnostics,LoggingFields,add_uint32_with_format,add_uint32,no
winrt.windows.foundation.diagnostics,LoggingFields,add_uint32_with_format_and_tags,add_uint32,no
winrt.windows.foundation.diagnostics,LoggingFields,add_uint64_array_with_format,add_uint64_array,no
winrt.windows.foundation.diagnostics,LoggingFields,add_uint64_array_with_format_and_tags,add_uint64_array,no
winrt.windows.foundation.diagnostics,LoggingFields,add_uint64_with_format,add_uint64,no
winrt.windows.foundation.diagnostics,LoggingFields,add_uint64_with_format_and_tags,add_uint64,no
winrt.windows.foundation.diagnostics,LoggingFields,add_uint8_array_with_format,add_uint8_array,no
winrt.windows.foundation.diagnostics,LoggingFields,add_uint8_array_with_format_and_tags,add_uint8_array,no
winrt.windows.foundation.diagnostics,LoggingFields,add_uint8_with_format,add_uint8,no
winrt.windows.foundation.diagnostics,LoggingFields,add_uint8_with_format_and_tags,add_uint8,no
winrt.windows.foundation.diagnostics,LoggingFields,begin_struct_with_tags,begin_struct,no
winrt.windows.foundation.diagnostics,LoggingSession,add_logging_channel_with_level,add_logging_channel,no
winrt.windows.foundation.metadata,ApiInformation,is_api_contract_present_by_major,is_api_contract_present,no
winrt.windows.foundation.metadata,ApiInformation,is_api_contract_present_by_major_and_minor,is_api_contract_present,no
winrt.windows.foundation.metadata,ApiInformation,is_method_present_with_arity,is_method_present,no
winrt.windows.gaming.preview.gamesenumeration,GameList,find_all_async_package_family_name,find_all_async,no
winrt.windows.gaming.preview.gamesenumeration,GameListEntry,set_launcher_executable_file_with_params_async,set_launcher_executable_file_async,no
winrt.windows.gaming.xboxlive.storage,GameSaveBlobInfoQuery,get_blob_info_with_index_and_max_async,get_blob_info_async,no
winrt.windows.gaming.xboxlive.storage,GameSaveContainerInfoQuery,get_container_info_with_index_and_max_async,get_container_info_async,no
winrt.windows.gaming.xboxlive.storage,GameSaveProvider,create_container_info_query_with_name,create_container_info_query,no
winrt.windows.globalization,Calendar,day_of_week_as_full_solo_string,day_of_week_as_solo_string,no
winrt.windows.globalization,Calendar,day_of_week_as_full_string,day_of_week_as_string,no
winrt.windows.globalization,Calendar,era_as_full_string,era_as_string,no
winrt.windows.globalization,Calendar,month_as_full_solo_string,month_as_solo_string,no
winrt.windows.globalization,Calendar,month_as_full_string,month_as_string,no
winrt.windows.globalization,Calendar,period_as_full_string,period_as_string,no
winrt.windows.globalization,Calendar,time_zone_as_full_string,time_zone_as_string,no
winrt.windows.globalization,JapanesePhoneticAnalyzer,get_words_with_mono_ruby_option,get_words,no
winrt.windows.globalization.datetimeformatting,DateTimeFormatter,format_using_time_zone,format,no
winrt.windows.globalization.numberformatting,INumberFormatter,format_double,format,no
winrt.windows.globalization.phonenumberformatting,PhoneNumberFormatter,format_with_output_format,format,no
winrt.windows.globalization.phonenumberformatting,PhoneNumberInfo,try_parse_with_region,try_parse,no
winrt.windows.graphics.display.core,HdmiDisplayInformation,request_set_current_display_mode_with_hdr_and_metadata_async,request_set_current_display_mode_async,no
winrt.windows.graphics.display.core,HdmiDisplayInformation,request_set_current_display_mode_with_hdr_async,request_set_current_display_mode_async,no
winrt.windows.graphics.holographic,HolographicCameraRenderingParameters,set_focus_point_with_normal,set_focus_point,no
winrt.windows.graphics.holographic,HolographicCameraRenderingParameters,set_focus_point_with_normal_linear_velocity,set_focus_point,no
winrt.windows.graphics.holographic,HolographicFrame,present_using_current_prediction_with_behavior,present_using_current_prediction,no
winrt.windows.graphics.imaging,BitmapDecoder,create_with_id_async,create_async,no
winrt.windows.graphics.imaging,BitmapDecoder,get_pixel_data_transformed_async,get_pixel_data_async,no
winrt.windows.graphics.imaging,BitmapDecoder,get_software_bitmap_converted_async,get_software_bitmap_async,no
winrt.windows.graphics.imaging,BitmapDecoder,get_software_bitmap_transformed_async,get_software_bitmap_async,no
winrt.windows.graphics.imaging,BitmapEncoder,create_with_encoding_options_async,create_async,no
winrt.windows.graphics.imaging,BitmapEncoder,go_to_next_frame_with_encoding_options_async,go_to_next_frame_async,no
winrt.windows.graphics.imaging,BitmapFrame,get_pixel_data_transformed_async,get_pixel_data_async,no
winrt.windows.graphics.imaging,BitmapFrame,get_software_bitmap_converted_async,get_software_bitmap_async,no
winrt.windows.graphics.imaging,BitmapFrame,get_software_bitmap_transformed_async,get_software_bitmap_async,no
winrt.windows.graphics.imaging,IBitmapFrame,get_pixel_data_transformed_async,get_pixel_data_async,no
winrt.windows.graphics.imaging,IBitmapFrameWithSoftwareBitmap,get_software_bitmap_converted_async,get_software_bitmap_async,no
winrt.windows.graphics.imaging,IBitmapFrameWithSoftwareBitmap,get_software_bitmap_transformed_async,get_software_bitmap_async,no
winrt.windows.graphics.imaging,SoftwareBitmap,convert_with_alpha,convert,no
winrt.windows.graphics.imaging,SoftwareBitmap,create_copy_with_alpha_from_buffer,create_copy_from_buffer,no
winrt.windows.graphics.imaging,SoftwareBitmap,create_copy_with_alpha_from_surface_async,create_copy_from_surface_async,no
winrt.windows.graphics.printing3d,Printing3DModel,try_partial_repair_with_time_async,try_partial_repair_async,no
winrt.windows.graphics.printing3d,Printing3DModel,try_reduce_faces_with_options_and_time_async,try_reduce_faces_async,no
winrt.windows.graphics.printing3d,Printing3DModel,try_reduce_faces_with_options_async,try_reduce_faces_async,no
winrt.windows.management,MdmSession,start_with_alerts_async,start_async,no
winrt.windows.management.deployment,PackageManager,add_package_to_volume_and_optional_packages_async,add_package_async,no
winrt.windows.management.deployment,PackageManager,add_package_to_volume_and_related_set_async,add_package_async,no
winrt.windows.management.deployment,PackageManager,add_package_to_volume_async,add_package_async,no
winrt.windows.management.deployment,PackageManager,find_package_by_package_full_name,find_package,no
winrt.windows.management.deployment,PackageManager,find_package_by_user_security_id_package_full_name,find_package_for_user,no
winrt.windows.management.deployment,PackageManager,find_package_volume_by_name,find_package_volume,no
winrt.windows.management.deployment,PackageManager,find_packages_by_name_publisher,find_packages,no
winrt.windows.management.deployment,PackageManager,find_packages_by_name_publisher_with_package_types,find_packages_with_package_types,no
winrt.windows.management.deployment,PackageManager,find_packages_by_package_family_name,find_packages,no
winrt.windows.management.deployment,PackageManager,find_packages_by_package_family_name_with_package_types,find_packages_with_package_types,no
winrt.windows.management.deployment,PackageManager,find_packages_by_user_security_id,find_packages_for_user,no
winrt.windows.management.deployment,PackageManager,find_packages_by_user_security_id_name_publisher,find_packages_for_user,no
winrt.windows.management.deployment,PackageManager,find_packages_by_user_security_id_name_publisher_with_package_types,find_packages_for_user_with_package_types,no
winrt.windows.management.deployment,PackageManager,find_packages_by_user_security_id_package_family_name,find_packages_for_user,no
winrt.windows.management.deployment,PackageManager,find_packages_by_user_security_id_package_family_name_with_package_types,find_packages_for_user_with_package_types,no
winrt.windows.management.deployment,PackageManager,find_packages_by_user_security_id_with_package_types,find_packages_for_user_with_package_types,no
winrt.windows.management.deployment,PackageManager,provision_package_for_all_users_with_options_async,provision_package_for_all_users_async,no
winrt.windows.management.deployment,PackageManager,register_package_by_family_name_and_optional_packages_async,register_package_by_family_name_async,no
winrt.windows.management.deployment,PackageManager,register_package_with_app_data_volume_async,register_package_async,no
winrt.windows.management.deployment,PackageManager,remove_package_with_options_async,remove_package_async,no
winrt.windows.management.deployment,PackageManager,request_add_package_and_related_set_async,request_add_package_async,no
winrt.windows.management.deployment,PackageManager,stage_package_to_volume_and_optional_packages_async,stage_package_async,no
winrt.windows.management.deployment,PackageManager,stage_package_to_volume_and_related_set_async,stage_package_async,no
winrt.windows.management.deployment,PackageManager,stage_package_to_volume_async,stage_package_async,no
winrt.windows.management.deployment,PackageManager,stage_package_with_options_async,stage_package_async,no
winrt.windows.management.deployment,PackageManager,stage_user_data_with_options_async,stage_user_data_async,no
winrt.windows.management.deployment,PackageManagerDebugSettings,set_content_group_state_with_percentage_async,set_content_group_state_async,no
winrt.windows.management.deployment,PackageVolume,find_package_by_package_full_name,find_package,no
winrt.windows.management.deployment,PackageVolume,find_package_by_user_security_id_package_full_name,find_package_for_user,no
winrt.windows.management.deployment,PackageVolume,find_packages_by_name_publisher,find_packages,no
winrt.windows.management.deployment,PackageVolume,find_packages_by_name_publisher_with_packages_types,find_packages_with_package_types,no
winrt.windows.management.deployment,PackageVolume,find_packages_by_package_family_name,find_packages,no
winrt.windows.management.deployment,PackageVolume,find_packages_by_package_family_name_with_package_types,find_packages_with_package_types,no
winrt.windows.management.deployment,PackageVolume,find_packages_by_user_security_id,find_packages_for_user,no
winrt.windows.management.deployment,PackageVolume,find_packages_by_user_security_id_name_publisher,find_packages_for_user,no
winrt.windows.management.deployment,PackageVolume,find_packages_by_user_security_id_name_publisher_with_package_types,find_packages_for_user_with_package_types,no
winrt.windows.management.deployment,PackageVolume,find_packages_by_user_security_id_package_family_name,find_packages_for_user,no
winrt.windows.management.deployment,PackageVolume,find_packages_by_user_security_id_package_family_name_with_packages_types,find_packages_for_user_with_package_types,no
winrt.windows.management.deployment,PackageVolume,find_packages_by_user_security_id_with_package_types,find_packages_for_user_with_package_types,no
winrt.windows.management.deployment,SharedPackageContainerManager,find_containers_with_options,find_containers,no
winrt.windows.media,MediaExtensionManager,register_audio_decoder_with_settings,register_audio_decoder,no
winrt.windows.media,MediaExtensionManager,register_audio_encoder_with_settings,register_audio_encoder,no
winrt.windows.media,MediaExtensionManager,register_byte_stream_handler_with_settings,register_byte_stream_handler,no
winrt.windows.media,MediaExtensionManager,register_scheme_handler_with_settings,register_scheme_handler,no
winrt.windows.media,MediaExtensionManager,register_video_decoder_with_settings,register_video_decoder,no
winrt.windows.media,MediaExtensionManager,register_video_encoder_with_settings,register_video_encoder,no
winrt.windows.media,VideoFrame,copy_to_with_bounds_async,copy_to_async,no
winrt.windows.media,VideoFrame,create_as_direct3d11_surface_backed_with_device,create_as_direct3d11_surface_backed,no
winrt.windows.media.audio,AudioDeviceInputNode,add_outgoing_connection_with_gain,add_outgoing_connection,no
winrt.windows.media.audio,AudioFileInputNode,add_outgoing_connection_with_gain,add_outgoing_connection,no
winrt.windows.media.audio,AudioFrameInputNode,add_outgoing_connection_with_gain,add_outgoing_connection,no
winrt.windows.media.audio,AudioGraph,create_device_input_node_with_format_and_emitter_on_device_async,create_device_input_node_async,no
winrt.windows.media.audio,AudioGraph,create_device_input_node_with_format_async,create_device_input_node_async,no
winrt.windows.media.audio,AudioGraph,create_device_input_node_with_format_on_device_async,create_device_input_node_async,no
winrt.windows.media.audio,AudioGraph,create_file_input_node_with_emitter_async,create_file_input_node_async,no
winrt.windows.media.audio,AudioGraph,create_file_output_node_with_file_profile_async,create_file_output_node_async,no
winrt.windows.media.audio,AudioGraph,create_frame_input_node_with_format,create_frame_input_node,no
winrt.windows.media.audio,AudioGraph,create_frame_input_node_with_format_and_emitter,create_frame_input_node,no
winrt.windows.media.audio,AudioGraph,create_frame_output_node_with_format,create_frame_output_node,no
winrt.windows.media.audio,AudioGraph,create_media_source_audio_input_node_with_emitter_async,create_media_source_audio_input_node_async,no
winrt.windows.media.audio,AudioGraph,create_submix_node_with_format,create_submix_node,no
winrt.windows.media.audio,AudioGraph,create_submix_node_with_format_and_emitter,create_submix_node,no
winrt.windows.media.audio,AudioStateMonitor,create_for_capture_monitoring_with_category,create_for_capture_monitoring,no
winrt.windows.media.audio,AudioStateMonitor,create_for_capture_monitoring_with_category_and_device_role,create_for_capture_monitoring,no
winrt.windows.media.audio,AudioStateMonitor,create_for_render_monitoring_with_category,create_for_render_monitoring,no
winrt.windows.media.audio,AudioStateMonitor,create_for_render_monitoring_with_category_and_device_role,create_for_render_monitoring,no
winrt.windows.media.audio,AudioSubmixNode,add_outgoing_connection_with_gain,add_outgoing_connection,no
winrt.windows.media.audio,IAudioInputNode,add_outgoing_connection_with_gain,add_outgoing_connection,no
winrt.windows.media.audio,MediaSourceAudioInputNode,add_outgoing_connection_with_gain,add_outgoing_connection,no
winrt.windows.media.capture,AdvancedPhotoCapture,capture_with_context_async,capture_async,no
winrt.windows.media.capture,MediaCapture,create_frame_reader_with_subtype_and_size_async,create_frame_reader_async,no
winrt.windows.media.capture,MediaCapture,create_frame_reader_with_subtype_async,create_frame_reader_async,no
winrt.windows.media.capture,MediaCapture,get_preview_frame_copy_async,get_preview_frame_async,no
winrt.windows.media.capture,MediaCapture,initialize_with_settings_async,initialize_async,no
winrt.windows.media.capture,MediaCapture,prepare_low_lag_record_to_custom_sink_id_async,prepare_low_lag_record_to_custom_sink_async,no
winrt.windows.media.capture,MediaCapture,start_preview_to_custom_sink_id_async,start_preview_to_custom_sink_async,no
winrt.windows.media.capture,MediaCapture,start_record_to_custom_sink_id_async,start_record_to_custom_sink_async,no
winrt.windows.media.casting,CastingDevicePicker,show_with_placement,show,no
winrt.windows.media.core,MseSourceBuffer,append_stream_max_size,append_stream,no
winrt.windows.media.core,TimedTextSource,create_from_stream_with_index_and_language,create_from_stream_with_index,no
winrt.windows.media.core,TimedTextSource,create_from_stream_with_language,create_from_stream,no
winrt.windows.media.core,TimedTextSource,create_from_uri_with_index_and_language,create_from_uri_with_index,no
winrt.windows.media.core,TimedTextSource,create_from_uri_with_language,create_from_uri,no
winrt.windows.media.devices,DigitalWindowControl,configure_with_bounds,configure,no
winrt.windows.media.devices,FocusControl,set_preset_with_completion_option_async,set_preset_async,no
winrt.windows.media.devices,RegionsOfInterestControl,set_regions_with_lock_async,set_regions_async,no
winrt.windows.media.dialprotocol,DialDevicePicker,pick_single_dial_device_async_with_placement,pick_single_dial_device_async,no
winrt.windows.media.dialprotocol,DialDevicePicker,show_with_placement,show,no
winrt.windows.media.editing,MediaComposition,generate_media_stream_source_with_profile,generate_media_stream_source,no
winrt.windows.media.editing,MediaComposition,render_to_file_with_profile_async,render_to_file_async,no
winrt.windows.media.editing,MediaComposition,render_to_file_with_trimming_preference_async,render_to_file_async,no
winrt.windows.media.effects,AudioEffectsManager,create_audio_capture_effects_manager_with_mode,create_audio_capture_effects_manager,no
winrt.windows.media.effects,AudioEffectsManager,create_audio_render_effects_manager_with_mode,create_audio_render_effects_manager,no
winrt.windows.media.faceanalysis,FaceDetector,detect_faces_with_search_area_async,detect_faces_async,no
winrt.windows.media.miracast,MiracastReceiverConnection,disconnect_with_message,disconnect,no
winrt.windows.media.playback,MediaPlayer,copy_frame_to_video_surface_with_target_rectangle,copy_frame_to_video_surface,no
winrt.windows.media.playback,MediaPlayer,render_subtitles_to_surface_with_target_rectangle,render_subtitles_to_surface,no
winrt.windows.media.playlists,Playlist,save_as_with_format_async,save_as_async,no
winrt.windows.media.speechrecognition,SpeechContinuousRecognitionSession,start_with_mode_async,start_async,no
winrt.windows.media.streaming.adaptive,AdaptiveMediaSource,create_from_stream_with_downloader_async,create_from_stream_async,no
winrt.windows.media.streaming.adaptive,AdaptiveMediaSource,create_from_uri_with_downloader_async,create_from_uri_async,no
winrt.windows.media.transcoding,MediaTranscoder,add_audio_effect_with_settings,add_audio_effect,no
winrt.windows.media.transcoding,MediaTranscoder,add_video_effect_with_settings,add_video_effect,no
winrt.windows.networking.backgroundtransfer,BackgroundDownloader,create_download_from_file,create_download,no
winrt.windows.networking.backgroundtransfer,BackgroundDownloader,get_current_downloads_for_group_async,get_current_downloads_async,no
winrt.windows.networking.backgroundtransfer,BackgroundUploader,create_upload_with_form_data_and_auto_boundary_async,create_upload_async,no
winrt.windows.networking.backgroundtransfer,BackgroundUploader,create_upload_with_sub_type_and_boundary_async,create_upload_async,no
winrt.windows.networking.backgroundtransfer,BackgroundUploader,create_upload_with_sub_type_async,create_upload_async,no
winrt.windows.networking.backgroundtransfer,BackgroundUploader,get_current_uploads_for_group_async,get_current_uploads_async,no
winrt.windows.networking.connectivity,ConnectionProfile,get_local_usage_per_roaming_states,get_local_usage,no
winrt.windows.networking.networkoperators,ESim,discover_with_server_address_and_matching_id,discover,no
winrt.windows.networking.networkoperators,ESim,discover_with_server_address_and_matching_id_async,discover_async,no
winrt.windows.networking.networkoperators,ESimProfileMetadata,confirm_install_with_confirmation_code_async,confirm_install_async,no
winrt.windows.networking.networkoperators,MobileBroadbandModem,get_is_passthrough_enabled_with_slot_index,get_is_passthrough_enabled,no
winrt.windows.networking.networkoperators,MobileBroadbandModem,get_is_passthrough_enabled_with_slot_index_async,get_is_passthrough_enabled_async,no
winrt.windows.networking.networkoperators,MobileBroadbandModem,set_is_passthrough_enabled_with_slot_index,set_is_passthrough_enabled,no
winrt.windows.networking.networkoperators,MobileBroadbandModem,set_is_passthrough_enabled_with_slot_index_async,set_is_passthrough_enabled_async,no
winrt.windows.networking.networkoperators,NetworkOperatorTetheringManager,create_from_connection_profile_with_target_adapter,create_from_connection_profile,no
winrt.windows.networking.proximity,PeerFinder,start_with_message,start,no
winrt.windows.networking.proximity,ProximityDevice,publish_binary_message_with_callback,publish_binary_message,no
winrt.windows.networking.proximity,ProximityDevice,publish_message_with_callback,publish_message,no
winrt.windows.networking.proximity,ProximityDevice,publish_uri_message_with_callback,publish_uri_message,no
winrt.windows.networking.pushnotifications,PushNotificationChannelManager,create_push_notification_channel_for_application_async_with_id,create_push_notification_channel_for_application_async,no
winrt.windows.networking.pushnotifications,PushNotificationChannelManagerForUser,create_push_notification_channel_for_application_async_with_id,create_push_notification_channel_for_application_async,no
winrt.windows.networking.pushnotifications,PushNotificationChannelManagerForUser,create_raw_push_notification_channel_with_alternate_key_for_application_async_with_id,create_raw_push_notification_channel_with_alternate_key_for_application_async,no
winrt.windows.networking.servicediscovery.dnssd,DnssdServiceInstance,register_datagram_socket_async1,register_datagram_socket_async,no
winrt.windows.networking.servicediscovery.dnssd,DnssdServiceInstance,register_datagram_socket_async2,register_datagram_socket_async,no
winrt.windows.networking.servicediscovery.dnssd,DnssdServiceInstance,register_stream_socket_listener_async1,register_stream_socket_listener_async,no
winrt.windows.networking.servicediscovery.dnssd,DnssdServiceInstance,register_stream_socket_listener_async2,register_stream_socket_listener_async,no
winrt.windows.networking.sockets,DatagramSocket,bind_service_name_and_adapter_async,bind_service_name_async,no
winrt.windows.networking.sockets,DatagramSocket,connect_with_endpoint_pair_async,connect_async,no
winrt.windows.networking.sockets,DatagramSocket,enable_transfer_ownership_with_connected_standby_action,enable_transfer_ownership,no
winrt.windows.networking.sockets,DatagramSocket,get_endpoint_pairs_with_sort_options_async,get_endpoint_pairs_async,no
winrt.windows.networking.sockets,DatagramSocket,get_output_stream_with_endpoint_pair_async,get_output_stream_async,no
winrt.windows.networking.sockets,DatagramSocket,transfer_ownership_with_context,transfer_ownership,no
winrt.windows.networking.sockets,DatagramSocket,transfer_ownership_with_context_and_keep_alive_time,transfer_ownership,no
winrt.windows.networking.sockets,IWebSocket,close_with_status,close,no
winrt.windows.networking.sockets,MessageWebSocket,close_with_status,close,no
winrt.windows.networking.sockets,ServerMessageWebSocket,close_with_status,close,no
winrt.windows.networking.sockets,ServerStreamWebSocket,close_with_status,close,no
winrt.windows.networking.sockets,StreamSocket,connect_with_endpoint_pair_async,connect_async,no
winrt.windows.networking.sockets,StreamSocket,connect_with_protection_level_and_adapter_async,connect_async,no
winrt.windows.networking.sockets,StreamSocket,connect_with_protection_level_async,connect_async,no
winrt.windows.networking.sockets,StreamSocket,enable_transfer_ownership_with_connected_standby_action,enable_transfer_ownership,no
winrt.windows.networking.sockets,StreamSocket,get_endpoint_pairs_with_sort_options_async,get_endpoint_pairs_async,no
winrt.windows.networking.sockets,StreamSocket,transfer_ownership_with_context,transfer_ownership,no
winrt.windows.networking.sockets,StreamSocket,transfer_ownership_with_context_and_keep_alive_time,transfer_ownership,no
winrt.windows.networking.sockets,StreamSocketListener,bind_service_name_with_protection_level_and_adapter_async,bind_service_name_async,no
winrt.windows.networking.sockets,StreamSocketListener,bind_service_name_with_protection_level_async,bind_service_name_async,no
winrt.windows.networking.sockets,StreamSocketListener,enable_transfer_ownership_with_connected_standby_action,enable_transfer_ownership,no
winrt.windows.networking.sockets,StreamSocketListener,transfer_ownership_with_context,transfer_ownership,no
winrt.windows.networking.sockets,StreamWebSocket,close_with_status,close,no
winrt.windows.networking.vpn,VpnChannel,request_credentials_simple_async,request_credentials_async,no
winrt.windows.networking.vpn,VpnChannel,request_credentials_with_certificate_async,request_credentials_async,no
winrt.windows.networking.vpn,VpnChannel,request_credentials_with_options_async,request_credentials_async,no
winrt.windows.networking.vpn,VpnChannel,start_with_multiple_transports,start_with_traffic_filter,no
winrt.windows.networking.xboxlive,XboxLiveEndpointPairTemplate,create_endpoint_pair_default_async,create_endpoint_pair_async,no
winrt.windows.networking.xboxlive,XboxLiveEndpointPairTemplate,create_endpoint_pair_for_ports_default_async,create_endpoint_pair_for_ports_async,no
winrt.windows.networking.xboxlive,XboxLiveEndpointPairTemplate,create_endpoint_pair_for_ports_with_behaviors_async,create_endpoint_pair_for_ports_async,no
winrt.windows.networking.xboxlive,XboxLiveEndpointPairTemplate,create_endpoint_pair_with_behaviors_async,create_endpoint_pair_async,no
winrt.windows.perception.spatial,SpatialAnchor,try_create_with_position_and_orientation_relative_to,try_create_relative_to,no
winrt.windows.perception.spatial,SpatialAnchor,try_create_with_position_relative_to,try_create_relative_to,no
winrt.windows.perception.spatial,SpatialEntityStore,try_get_for_remote_system_session,try_get,no
winrt.windows.perception.spatial,SpatialLocator,create_attached_frame_of_reference_at_current_heading_with_position,create_attached_frame_of_reference_at_current_heading,no
winrt.windows.perception.spatial,SpatialLocator,create_attached_frame_of_reference_at_current_heading_with_position_and_orientation,create_attached_frame_of_reference_at_current_heading,no
winrt.windows.perception.spatial,SpatialLocator,create_attached_frame_of_reference_at_current_heading_with_position_and_orientation_and_relative_heading,create_attached_frame_of_reference_at_current_heading,no
winrt.windows.perception.spatial,SpatialLocator,create_stationary_frame_of_reference_at_current_location_with_position,create_stationary_frame_of_reference_at_current_location,no
winrt.windows.perception.spatial,SpatialLocator,create_stationary_frame_of_reference_at_current_location_with_position_and_orientation,create_stationary_frame_of_reference_at_current_location,no
winrt.windows.perception.spatial,SpatialLocator,create_stationary_frame_of_reference_at_current_location_with_position_and_orientation_and_relative_heading,create_stationary_frame_of_reference_at_current_location,no
winrt.windows.perception.spatial.preview,SpatialGraphInteropPreview,create_coordinate_system_for_node_with_position,create_coordinate_system_for_node,no
winrt.windows.perception.spatial.preview,SpatialGraphInteropPreview,create_coordinate_system_for_node_with_position_and_orientation,create_coordinate_system_for_node,no
winrt.windows.perception.spatial.preview,SpatialGraphInteropPreview,try_create_frame_of_reference_with_position,try_create_frame_of_reference,no
winrt.windows.perception.spatial.preview,SpatialGraphInteropPreview,try_create_frame_of_reference_with_position_and_orientation,try_create_frame_of_reference,no
winrt.windows.perception.spatial.surfaces,SpatialSurfaceInfo,try_compute_latest_mesh_with_options_async,try_compute_latest_mesh_async,no
winrt.windows.security.authentication.identity.core,MicrosoftAccountMultiFactorAuthenticationManager,approve_session_using_auth_session_info_async,approve_session_async,no
winrt.windows.security.authentication.identity.core,MicrosoftAccountMultiFactorAuthenticationManager,deny_session_using_auth_session_info_async,deny_session_async,no
winrt.windows.security.authentication.identity.provider,SecondaryAuthenticationFactorRegistration,register_device_presence_monitoring_with_new_device_async,register_device_presence_monitoring_async,no
winrt.windows.security.authentication.onlineid,OnlineIdAuthenticator,authenticate_user_async_advanced,authenticate_user_async,no
winrt.windows.security.authentication.web,WebAuthenticationBroker,authenticate_silently_with_options_async,authenticate_silently_async,no
winrt.windows.security.authentication.web,WebAuthenticationBroker,authenticate_with_callback_uri_and_continue,authenticate_and_continue,no
winrt.windows.security.authentication.web,WebAuthenticationBroker,authenticate_with_callback_uri_async,authenticate_async,no
winrt.windows.security.authentication.web,WebAuthenticationBroker,authenticate_with_callback_uri_continuation_data_and_options_and_continue,authenticate_and_continue,no
winrt.windows.security.authentication.web,WebAuthenticationBroker,authenticate_without_callback_uri_async,authenticate_async,no
winrt.windows.security.authentication.web.core,WebAuthenticationCoreManager,find_account_provider_with_authority_async,find_account_provider_async,no
winrt.windows.security.authentication.web.core,WebAuthenticationCoreManager,find_account_provider_with_authority_for_user_async,find_account_provider_async,no
winrt.windows.security.authentication.web.core,WebAuthenticationCoreManager,find_all_accounts_with_client_id_async,find_all_accounts_async,no
winrt.windows.security.authentication.web.core,WebAuthenticationCoreManager,find_system_account_provider_with_authority_async,find_system_account_provider_async,no
winrt.windows.security.authentication.web.core,WebAuthenticationCoreManager,find_system_account_provider_with_authority_for_user_async,find_system_account_provider_async,no
winrt.windows.security.authentication.web.core,WebAuthenticationCoreManager,get_token_silently_with_web_account_async,get_token_silently_async,no
winrt.windows.security.authentication.web.core,WebAuthenticationCoreManager,request_token_with_web_account_async,request_token_async,no
winrt.windows.security.authentication.web.provider,IWebAccountProviderSilentReportOperation,report_user_interaction_required_with_error,report_user_interaction_required,no
winrt.windows.security.authentication.web.provider,WebAccountManager,add_web_account_with_scope_and_map_async,add_web_account_async,no
winrt.windows.security.authentication.web.provider,WebAccountManager,add_web_account_with_scope_and_map_for_user_async,add_web_account_for_user_async,no
winrt.windows.security.authentication.web.provider,WebAccountManager,add_web_account_with_scope_async,add_web_account_async,no
winrt.windows.security.authentication.web.provider,WebAccountManager,add_web_account_with_scope_for_user_async,add_web_account_for_user_async,no
winrt.windows.security.authentication.web.provider,WebAccountProviderGetTokenSilentOperation,report_user_interaction_required_with_error,report_user_interaction_required,no
winrt.windows.security.credentials,KeyCredential,retrieve_public_key_with_blob_type,retrieve_public_key,no
winrt.windows.security.credentials,KeyCredential,retrieve_public_key_with_default_blob_type,retrieve_public_key,no
winrt.windows.security.credentials,WebAccount,sign_out_with_client_id_async,sign_out_async,no
winrt.windows.security.credentials.ui,CredentialPicker,pick_with_caption_async,pick_async,no
winrt.windows.security.credentials.ui,CredentialPicker,pick_with_message_async,pick_async,no
winrt.windows.security.credentials.ui,CredentialPicker,pick_with_options_async,pick_async,no
winrt.windows.security.cryptography.certificates,Certificate,build_chain_with_parameters_async,build_chain_async,no
winrt.windows.security.cryptography.certificates,Certificate,get_hash_value_with_algorithm,get_hash_value,no
winrt.windows.security.cryptography.certificates,CertificateChain,validate_with_parameters,validate,no
winrt.windows.security.cryptography.certificates,CertificateEnrollmentManager,import_pfx_data_to_ksp_async,import_pfx_data_async,no
winrt.windows.security.cryptography.certificates,CertificateEnrollmentManager,import_pfx_data_to_ksp_with_parameters_async,import_pfx_data_async,no
winrt.windows.security.cryptography.certificates,CertificateStores,find_all_with_query_async,find_all_async,no
winrt.windows.security.cryptography.certificates,KeyAttestationHelper,decrypt_tpm_attestation_credential_with_container_name_async,decrypt_tpm_attestation_credential_async,no
winrt.windows.security.cryptography.certificates,UserCertificateEnrollmentManager,import_pfx_data_to_ksp_async,import_pfx_data_async,no
winrt.windows.security.cryptography.certificates,UserCertificateEnrollmentManager,import_pfx_data_to_ksp_with_parameters_async,import_pfx_data_async,no
winrt.windows.security.cryptography.core,AsymmetricKeyAlgorithmProvider,import_default_private_key_blob,import_key_pair,no
winrt.windows.security.cryptography.core,AsymmetricKeyAlgorithmProvider,import_default_public_key_blob,import_public_key,no
winrt.windows.security.cryptography.core,AsymmetricKeyAlgorithmProvider,import_key_pair_with_blob_type,import_key_pair,no
winrt.windows.security.cryptography.core,AsymmetricKeyAlgorithmProvider,import_public_key_with_blob_type,import_public_key,no
winrt.windows.security.cryptography.core,CryptographicKey,export_default_private_key_blob_type,export,no
winrt.windows.security.cryptography.core,CryptographicKey,export_default_public_key_blob_type,export_public_key,no
winrt.windows.security.cryptography.core,CryptographicKey,export_private_key_with_blob_type,export,no
winrt.windows.security.cryptography.core,CryptographicKey,export_public_key_with_blob_type,export_public_key,no
winrt.windows.security.enterprisedata,FileProtectionManager,load_file_from_container_with_target_and_name_collision_option_async,load_file_from_container_async,no
winrt.windows.security.enterprisedata,FileProtectionManager,load_file_from_container_with_target_async,load_file_from_container_async,no
winrt.windows.security.enterprisedata,FileProtectionManager,save_file_as_container_with_sharing_async,save_file_as_container_async,no
winrt.windows.security.enterprisedata,FileProtectionManager,unprotect_with_options_async,unprotect_async,no
winrt.windows.security.enterprisedata,ProtectionPolicyManager,request_access_for_app_with_auditing_info_async,request_access_for_app_async,no
winrt.windows.security.enterprisedata,ProtectionPolicyManager,request_access_for_app_with_behavior_async,request_access_for_app_async,no
winrt.windows.security.enterprisedata,ProtectionPolicyManager,request_access_for_app_with_message_async,request_access_for_app_async,no
winrt.windows.security.enterprisedata,ProtectionPolicyManager,request_access_to_files_for_app_with_message_and_behavior_async,request_access_to_files_for_app_async,no
winrt.windows.security.enterprisedata,ProtectionPolicyManager,request_access_to_files_for_process_with_message_and_behavior_async,request_access_to_files_for_process_async,no
winrt.windows.security.enterprisedata,ProtectionPolicyManager,request_access_with_auditing_info_async,request_access_async,no
winrt.windows.security.enterprisedata,ProtectionPolicyManager,request_access_with_behavior_async,request_access_async,no
winrt.windows.security.enterprisedata,ProtectionPolicyManager,request_access_with_message_async,request_access_async,no
winrt.windows.security.isolation,IsolatedWindowsEnvironment,create_with_telemetry_async,create_async,no
winrt.windows.security.isolation,IsolatedWindowsEnvironment,launch_file_with_ui_and_telemetry_async,launch_file_with_ui_async,no
winrt.windows.security.isolation,IsolatedWindowsEnvironment,post_message_to_receiver_with_telemetry_async,post_message_to_receiver_async,no
winrt.windows.security.isolation,IsolatedWindowsEnvironment,share_file_with_telemetry_async,share_file_async,no
winrt.windows.security.isolation,IsolatedWindowsEnvironment,share_folder_with_telemetry_async,share_folder_async,no
winrt.windows.security.isolation,IsolatedWindowsEnvironment,start_process_silently_with_telemetry_async,start_process_silently_async,no
winrt.windows.security.isolation,IsolatedWindowsEnvironment,terminate_with_telemetry_async,terminate_async,no
winrt.windows.services.cortana,CortanaActionableInsights,show_insights_for_image_with_options_async,show_insights_for_image_async,no
winrt.windows.services.cortana,CortanaActionableInsights,show_insights_for_text_with_options_async,show_insights_for_text_async,no
winrt.windows.services.cortana,CortanaActionableInsights,show_insights_with_options_async,show_insights_async,no
winrt.windows.services.maps,MapLocationFinder,find_locations_at_with_accuracy_async,find_locations_at_async,no
winrt.windows.services.maps,MapLocationFinder,find_locations_with_max_count_async,find_locations_async,no
winrt.windows.services.maps,MapRouteFinder,get_driving_route_from_enhanced_waypoints_with_options_async,get_driving_route_from_enhanced_waypoints_async,no
winrt.windows.services.maps,MapRouteFinder,get_driving_route_from_waypoints_and_optimization_async,get_driving_route_from_waypoints_async,no
winrt.windows.services.maps,MapRouteFinder,get_driving_route_from_waypoints_optimization_and_restrictions_async,get_driving_route_from_waypoints_async,no
winrt.windows.services.maps,MapRouteFinder,get_driving_route_from_waypoints_optimization_restrictions_and_heading_async,get_driving_route_from_waypoints_async,no
winrt.windows.services.maps,MapRouteFinder,get_driving_route_with_optimization_and_restrictions_async,get_driving_route_async,no
winrt.windows.services.maps,MapRouteFinder,get_driving_route_with_optimization_restrictions_and_heading_async,get_driving_route_async,no
winrt.windows.services.maps,MapRouteFinder,get_driving_route_with_options_async,get_driving_route_async,no
winrt.windows.services.maps,PlaceInfo,create_from_address_with_name,create_from_address,no
winrt.windows.services.maps,PlaceInfo,create_from_identifier_with_options,create_from_identifier,no
winrt.windows.services.maps,PlaceInfo,create_with_geopoint_and_options,create,no
winrt.windows.services.maps,PlaceInfo,show_with_preferred_placement,show,no
winrt.windows.services.maps.guidance,GuidanceNavigator,update_user_location_with_position_override,update_user_location,no
winrt.windows.services.store,StoreAvailability,request_purchase_with_purchase_properties_async,request_purchase_async,no
winrt.windows.services.store,StoreContext,get_store_products_with_options_async,get_store_products_async,no
winrt.windows.services.store,StoreContext,request_download_and_install_store_packages_with_install_options_async,request_download_and_install_store_packages_async,no
winrt.windows.services.store,StoreContext,request_purchase_with_purchase_properties_async,request_purchase_async,no
winrt.windows.services.store,StoreProduct,request_purchase_with_purchase_properties_async,request_purchase_async,no
winrt.windows.services.store,StoreSku,request_purchase_with_purchase_properties_async,request_purchase_async,no
winrt.windows.storage,ApplicationData,clear_all_async,clear_async,no
winrt.windows.storage,DownloadsFolder,create_file_for_user_with_collision_option_async,create_file_for_user_async,no
winrt.windows.storage,DownloadsFolder,create_file_with_collision_option_async,create_file_async,no
winrt.windows.storage,DownloadsFolder,create_folder_for_user_with_collision_option_async,create_folder_for_user_async,no
winrt.windows.storage,DownloadsFolder,create_folder_with_collision_option_async,create_folder_async,no
winrt.windows.storage,FileIO,append_lines_with_encoding_async,append_lines_async,no
winrt.windows.storage,FileIO,append_text_with_encoding_async,append_text_async,no
winrt.windows.storage,FileIO,read_lines_with_encoding_async,read_lines_async,no
winrt.windows.storage,FileIO,read_text_with_encoding_async,read_text_async,no
winrt.windows.storage,FileIO,write_lines_with_encoding_async,write_lines_async,no
winrt.windows.storage,FileIO,write_text_with_encoding_async,write_text_async,no
winrt.windows.storage,IStorageFile,copy_overload,copy_async,no
winrt.windows.storage,IStorageFile,copy_overload_default_name_and_options,copy_async,no
winrt.windows.storage,IStorageFile,copy_overload_default_options,copy_async,no
winrt.windows.storage,IStorageFile,move_overload,move_async,no
winrt.windows.storage,IStorageFile,move_overload_default_name_and_options,move_async,no
winrt.windows.storage,IStorageFile,move_overload_default_options,move_async,no
winrt.windows.storage,IStorageFile2,open_transacted_write_with_options_async,open_transacted_write_async,no
winrt.windows.storage,IStorageFile2,open_with_options_async,open_async,no
winrt.windows.storage,IStorageFolder,create_file_async_overload_default_options,create_file_async,no
winrt.windows.storage,IStorageFolder,create_folder_async_overload_default_options,create_folder_async,no
winrt.windows.storage,IStorageFolder,get_files_async_overload_default_options_start_and_count,get_files_async,no
winrt.windows.storage,IStorageFolder,get_folders_async_overload_default_options_start_and_count,get_folders_async,no
winrt.windows.storage,IStorageFolder,get_items_async_overload_default_start_and_count,get_items_async,no
winrt.windows.storage,IStorageItem,delete_async_overload_default_options,delete_async,no
winrt.windows.storage,IStorageItem,rename_async_overload_default_options,rename_async,no
winrt.windows.storage,IStorageItemProperties,get_thumbnail_async_overload_default_options,get_thumbnail_async,no
winrt.windows.storage,IStorageItemProperties,get_thumbnail_async_overload_default_size_default_options,get_thumbnail_async,no
winrt.windows.storage,IStorageItemProperties2,get_scaled_image_as_thumbnail_async_overload_default_options,get_scaled_image_as_thumbnail_async,no
winrt.windows.storage,IStorageItemProperties2,get_scaled_image_as_thumbnail_async_overload_default_size_default_options,get_scaled_image_as_thumbnail_async,no
winrt.windows.storage,PathIO,append_lines_with_encoding_async,append_lines_async,no
winrt.windows.storage,PathIO,append_text_with_encoding_async,append_text_async,no
winrt.windows.storage,PathIO,read_lines_with_encoding_async,read_lines_async,no
winrt.windows.storage,PathIO,read_text_with_encoding_async,read_text_async,no
winrt.windows.storage,PathIO,write_lines_with_encoding_async,write_lines_async,no
winrt.windows.storage,PathIO,write_text_with_encoding_async,write_text_async,no
winrt.windows.storage,StorageFile,copy_overload,copy_async,no
winrt.windows.storage,StorageFile,copy_overload_default_name_and_options,copy_async,no
winrt.windows.storage,StorageFile,copy_overload_default_options,copy_async,no
winrt.windows.storage,StorageFile,delete_async_overload_default_options,delete_async,no
winrt.windows.storage,StorageFile,get_scaled_image_as_thumbnail_async_overload_default_options,get_scaled_image_as_thumbnail_async,no
winrt.windows.storage,StorageFile,get_scaled_image_as_thumbnail_async_overload_default_size_default_options,get_scaled_image_as_thumbnail_async,no
winrt.windows.storage,StorageFile,get_thumbnail_async_overload_default_options,get_thumbnail_async,no
winrt.windows.storage,StorageFile,get_thumbnail_async_overload_default_size_default_options,get_thumbnail_async,no
winrt.windows.storage,StorageFile,move_overload,move_async,no
winrt.windows.storage,StorageFile,move_overload_default_name_and_options,move_async,no
winrt.windows.storage,StorageFile,move_overload_default_options,move_async,no
winrt.windows.storage,StorageFile,open_transacted_write_with_options_async,open_transacted_write_async,no
winrt.windows.storage,StorageFile,open_with_options_async,open_async,no
winrt.windows.storage,StorageFile,rename_async_overload_default_options,rename_async,no
winrt.windows.storage,StorageFolder,create_file_async_overload_default_options,create_file_async,no
winrt.windows.storage,StorageFolder,create_file_query_overload_default,create_file_query,no
winrt.windows.storage,StorageFolder,create_folder_async_overload_default_options,create_folder_async,no
winrt.windows.storage,StorageFolder,create_folder_query_overload_default,create_folder_query,no
winrt.windows.storage,StorageFolder,delete_async_overload_default_options,delete_async,no
winrt.windows.storage,StorageFolder,get_files_async_overload_default_options_start_and_count,get_files_async,no
winrt.windows.storage,StorageFolder,get_files_async_overload_default_start_and_count,get_files_async,no
winrt.windows.storage,StorageFolder,get_folders_async_overload_default_options_start_and_count,get_folders_async,no
winrt.windows.storage,StorageFolder,get_folders_async_overload_default_start_and_count,get_folders_async,no
winrt.windows.storage,StorageFolder,get_items_async_overload_default_start_and_count,get_items_async,no
winrt.windows.storage,StorageFolder,get_scaled_image_as_thumbnail_async_overload_default_options,get_scaled_image_as_thumbnail_async,no
winrt.windows.storage,StorageFolder,get_scaled_image_as_thumbnail_async_overload_default_size_default_options,get_scaled_image_as_thumbnail_async,no
winrt.windows.storage,StorageFolder,get_thumbnail_async_overload_default_options,get_thumbnail_async,no
winrt.windows.storage,StorageFolder,get_thumbnail_async_overload_default_size_default_options,get_thumbnail_async,no
winrt.windows.storage,StorageFolder,rename_async_overload_default_options,rename_async,no
winrt.windows.storage,StorageLibraryChangeTracker,enable_with_options,enable,no
winrt.windows.storage.accesscache,IStorageItemAccessList,add_or_replace_overload_default_metadata,add_or_replace,no
winrt.windows.storage.accesscache,IStorageItemAccessList,add_overload_default_metadata,add,no
winrt.windows.storage.accesscache,IStorageItemAccessList,get_file_with_options_async,get_file_async,no
winrt.windows.storage.accesscache,IStorageItemAccessList,get_folder_with_options_async,get_folder_async,no
winrt.windows.storage.accesscache,IStorageItemAccessList,get_item_with_options_async,get_item_async,no
winrt.windows.storage.accesscache,StorageItemAccessList,add_or_replace_overload_default_metadata,add_or_replace,no
winrt.windows.storage.accesscache,StorageItemAccessList,add_overload_default_metadata,add,no
winrt.windows.storage.accesscache,StorageItemAccessList,get_file_with_options_async,get_file_async,no
winrt.windows.storage.accesscache,StorageItemAccessList,get_folder_with_options_async,get_folder_async,no
winrt.windows.storage.accesscache,StorageItemAccessList,get_item_with_options_async,get_item_async,no
winrt.windows.storage.accesscache,StorageItemMostRecentlyUsedList,add_or_replace_overload_default_metadata,add_or_replace,no
winrt.windows.storage.accesscache,StorageItemMostRecentlyUsedList,add_or_replace_with_metadata_and_visibility,add_or_replace,no
winrt.windows.storage.accesscache,StorageItemMostRecentlyUsedList,add_overload_default_metadata,add,no
winrt.windows.storage.accesscache,StorageItemMostRecentlyUsedList,add_with_metadata_and_visibility,add,no
winrt.windows.storage.accesscache,StorageItemMostRecentlyUsedList,get_file_with_options_async,get_file_async,no
winrt.windows.storage.accesscache,StorageItemMostRecentlyUsedList,get_folder_with_options_async,get_folder_async,no
winrt.windows.storage.accesscache,StorageItemMostRecentlyUsedList,get_item_with_options_async,get_item_async,no
winrt.windows.storage.bulkaccess,FileInformation,copy_overload,copy_async,no
winrt.windows.storage.bulkaccess,FileInformation,copy_overload_default_name_and_options,copy_async,no
winrt.windows.storage.bulkaccess,FileInformation,copy_overload_default_options,copy_async,no
winrt.windows.storage.bulkaccess,FileInformation,delete_async_overload_default_options,delete_async,no
winrt.windows.storage.bulkaccess,FileInformation,get_thumbnail_async_overload_default_options,get_thumbnail_async,no
winrt.windows.storage.bulkaccess,FileInformation,get_thumbnail_async_overload_default_size_default_options,get_thumbnail_async,no
winrt.windows.storage.bulkaccess,FileInformation,move_overload,move_async,no
winrt.windows.storage.bulkaccess,FileInformation,move_overload_default_name_and_options,move_async,no
winrt.windows.storage.bulkaccess,FileInformation,move_overload_default_options,move_async,no
winrt.windows.storage.bulkaccess,FileInformation,open_transacted_write_with_options_async,open_transacted_write_async,no
winrt.windows.storage.bulkaccess,FileInformation,open_with_options_async,open_async,no
winrt.windows.storage.bulkaccess,FileInformation,rename_async_overload_default_options,rename_async,no
winrt.windows.storage.bulkaccess,FileInformationFactory,get_files_async_default_start_and_count,get_files_async,no
winrt.windows.storage.bulkaccess,FileInformationFactory,get_folders_async_default_start_and_count,get_folders_async,no
winrt.windows.storage.bulkaccess,FileInformationFactory,get_items_async_default_start_and_count,get_items_async,no
winrt.windows.storage.bulkaccess,FolderInformation,create_file_async_overload_default_options,create_file_async,no
winrt.windows.storage.bulkaccess,FolderInformation,create_file_query_overload_default,create_file_query,no
winrt.windows.storage.bulkaccess,FolderInformation,create_folder_async_overload_default_options,create_folder_async,no
winrt.windows.storage.bulkaccess,FolderInformation,create_folder_query_overload_default,create_folder_query,no
winrt.windows.storage.bulkaccess,FolderInformation,delete_async_overload_default_options,delete_async,no
winrt.windows.storage.bulkaccess,FolderInformation,get_files_async_overload_default_options_start_and_count,get_files_async,no
winrt.windows.storage.bulkaccess,FolderInformation,get_files_async_overload_default_start_and_count,get_files_async,no
winrt.windows.storage.bulkaccess,FolderInformation,get_folders_async_overload_default_options_start_and_count,get_folders_async,no
winrt.windows.storage.bulkaccess,FolderInformation,get_folders_async_overload_default_start_and_count,get_folders_async,no
winrt.windows.storage.bulkaccess,FolderInformation,get_items_async_overload_default_start_and_count,get_items_async,no
winrt.windows.storage.bulkaccess,FolderInformation,get_thumbnail_async_overload_default_options,get_thumbnail_async,no
winrt.windows.storage.bulkaccess,FolderInformation,get_thumbnail_async_overload_default_size_default_options,get_thumbnail_async,no
winrt.windows.storage.bulkaccess,FolderInformation,rename_async_overload_default_options,rename_async,no
winrt.windows.storage.fileproperties,BasicProperties,save_properties_async_overload_default,save_properties_async,no
winrt.windows.storage.fileproperties,DocumentProperties,save_properties_async_overload_default,save_properties_async,no
winrt.windows.storage.fileproperties,IStorageItemExtraProperties,save_properties_async_overload_default,save_properties_async,no
winrt.windows.storage.fileproperties,ImageProperties,save_properties_async_overload_default,save_properties_async,no
winrt.windows.storage.fileproperties,MusicProperties,save_properties_async_overload_default,save_properties_async,no
winrt.windows.storage.fileproperties,StorageItemContentProperties,save_properties_async_overload_default,save_properties_async,no
winrt.windows.storage.fileproperties,VideoProperties,save_properties_async_overload_default,save_properties_async,no
winrt.windows.storage.search,ContentIndexer,create_query_with_sort_order,create_query,no
winrt.windows.storage.search,ContentIndexer,create_query_with_sort_order_and_language,create_query,no
winrt.windows.storage.search,ContentIndexer,get_indexer_with_name,get_indexer,no
winrt.windows.storage.search,ContentIndexerQuery,get_properties_range_async,get_properties_async,no
winrt.windows.storage.search,ContentIndexerQuery,get_range_async,get_async,no
winrt.windows.storage.search,IStorageFolderQueryOperations,create_file_query_overload_default,create_file_query,no
winrt.windows.storage.search,IStorageFolderQueryOperations,create_folder_query_overload_default,create_folder_query,no
winrt.windows.storage.search,IStorageFolderQueryOperations,get_files_async_overload_default_start_and_count,get_files_async,no
winrt.windows.storage.search,IStorageFolderQueryOperations,get_folders_async_overload_default_start_and_count,get_folders_async,no
winrt.windows.storage.search,StorageFileQueryResult,get_files_async_default_start_and_count,get_files_async,no
winrt.windows.storage.search,StorageFolderQueryResult,get_folders_async_default_start_and_count,get_folders_async,no
winrt.windows.storage.search,StorageItemQueryResult,get_items_async_default_start_and_count,get_items_async,no
winrt.windows.storage.streams,DataWriter,write_buffer_range,write_buffer,no
winrt.windows.storage.streams,FileRandomAccessStream,open_for_user_with_options_async,open_for_user_async,no
winrt.windows.storage.streams,FileRandomAccessStream,open_transacted_write_for_user_with_options_async,open_transacted_write_for_user_async,no
winrt.windows.storage.streams,FileRandomAccessStream,open_transacted_write_with_options_async,open_transacted_write_async,no
winrt.windows.storage.streams,FileRandomAccessStream,open_with_options_async,open_async,no
winrt.windows.storage.streams,IDataWriter,write_buffer_range,write_buffer,no
winrt.windows.storage.streams,RandomAccessStream,copy_size_async,copy_async,no
winrt.windows.system,AppDiagnosticInfo,request_info_for_app_user_model_id,request_info_for_app_async,no
winrt.windows.system,DispatcherQueue,try_enqueue_with_priority,try_enqueue,no
winrt.windows.system,Launcher,find_uri_scheme_handlers_with_launch_uri_type_async,find_uri_scheme_handlers_async,no
winrt.windows.system,Launcher,launch_file_with_options_async,launch_file_async,no
winrt.windows.system,Launcher,launch_folder_path_with_options_async,launch_folder_path_async,no
winrt.windows.system,Launcher,launch_folder_path_with_options_for_user_async,launch_folder_path_for_user_async,no
winrt.windows.system,Launcher,launch_folder_with_options_async,launch_folder_async,no
winrt.windows.system,Launcher,launch_uri_for_results_with_data_async,launch_uri_for_results_async,no
winrt.windows.system,Launcher,launch_uri_for_results_with_data_for_user_async,launch_uri_for_results_for_user_async,no
winrt.windows.system,Launcher,launch_uri_with_data_async,launch_uri_async,no
winrt.windows.system,Launcher,launch_uri_with_data_for_user_async,launch_uri_for_user_async,no
winrt.windows.system,Launcher,launch_uri_with_options_async,launch_uri_async,no
winrt.windows.system,Launcher,launch_uri_with_options_for_user_async,launch_uri_for_user_async,no
winrt.windows.system,Launcher,query_app_uri_support_with_package_family_name_async,query_app_uri_support_async,no
winrt.windows.system,Launcher,query_file_support_with_package_family_name_async,query_file_support_async,no
winrt.windows.system,Launcher,query_uri_support_with_package_family_name_async,query_uri_support_async,no
winrt.windows.system,ProcessLauncher,run_to_completion_async_with_options,run_to_completion_async,no
winrt.windows.system,RemoteLauncher,launch_uri_with_data_async,launch_uri_async,no
winrt.windows.system,RemoteLauncher,launch_uri_with_options_async,launch_uri_async,no
winrt.windows.system,ShutdownManager,enter_power_state_with_time_span,enter_power_state,no
winrt.windows.system,User,find_all_async_by_type,find_all_async,no
winrt.windows.system,User,find_all_async_by_type_and_status,find_all_async,no
winrt.windows.system.diagnostics.deviceportal,DevicePortalConnection,get_server_message_web_socket_for_request2,get_server_message_web_socket_for_request,no
winrt.windows.system.diagnostics.deviceportal,DevicePortalConnection,get_server_message_web_socket_for_request3,get_server_message_web_socket_for_request,no
winrt.windows.system.diagnostics.deviceportal,DevicePortalConnection,get_server_stream_web_socket_for_request2,get_server_stream_web_socket_for_request,no
winrt.windows.system.diagnostics.telemetry,PlatformTelemetryClient,register_with_settings,register,no
winrt.windows.system.remotesystems,RemoteSystem,create_watcher_with_filters,create_watcher,no
winrt.windows.system.remotesystems,RemoteSystem,create_watcher_with_filters_for_user,create_watcher_for_user,no
winrt.windows.system.threading,ThreadPool,run_with_priority_and_options_async,run_async,no
winrt.windows.system.threading,ThreadPool,run_with_priority_async,run_async,no
winrt.windows.system.threading,ThreadPoolTimer,create_periodic_timer_with_completion,create_periodic_timer,no
winrt.windows.system.threading,ThreadPoolTimer,create_timer_with_completion,create_timer,no
winrt.windows.system.threading.core,SignalNotifier,attach_to_event_with_timeout,attach_to_event,no
winrt.windows.system.threading.core,SignalNotifier,attach_to_semaphore_with_timeout,attach_to_semaphore,no
winrt.windows.ui.composition,ColorKeyFrameAnimation,insert_key_frame_with_easing_function,insert_key_frame,no
winrt.windows.ui.composition,CompositionDrawingSurface,scroll_rect,scroll,no
winrt.windows.ui.composition,CompositionDrawingSurface,scroll_rect_with_clip,scroll_with_clip,no
winrt.windows.ui.composition,CompositionEasingFunction,create_step_easing_function_with_step_count,create_step_easing_function,no
winrt.windows.ui.composition,CompositionNineGridBrush,set_inset_scales_with_values,set_inset_scales,no
winrt.windows.ui.composition,CompositionNineGridBrush,set_insets_with_values,set_insets,no
winrt.windows.ui.composition,CompositionObject,start_animation_with_controller,start_animation,no
winrt.windows.ui.composition,Compositor,create_color_brush_with_color,create_color_brush,no
winrt.windows.ui.composition,Compositor,create_color_gradient_stop_with_offset_and_color,create_color_gradient_stop,no
winrt.windows.ui.composition,Compositor,create_effect_factory_with_properties,create_effect_factory,no
winrt.windows.ui.composition,Compositor,create_expression_animation_with_expression,create_expression_animation,no
winrt.windows.ui.composition,Compositor,create_geometric_clip_with_geometry,create_geometric_clip,no
winrt.windows.ui.composition,Compositor,create_inset_clip_with_insets,create_inset_clip,no
winrt.windows.ui.composition,Compositor,create_path_geometry_with_path,create_path_geometry,no
winrt.windows.ui.composition,Compositor,create_rectangle_clip_with_sides,create_rectangle_clip,no
winrt.windows.ui.composition,Compositor,create_rectangle_clip_with_sides_and_radius,create_rectangle_clip,no
winrt.windows.ui.composition,Compositor,create_redirect_visual_with_source_visual,create_redirect_visual,no
winrt.windows.ui.composition,Compositor,create_sprite_shape_with_geometry,create_sprite_shape,no
winrt.windows.ui.composition,Compositor,create_step_easing_function_with_step_count,create_step_easing_function,no
winrt.windows.ui.composition,Compositor,create_surface_brush_with_surface,create_surface_brush,no
winrt.windows.ui.composition,KeyFrameAnimation,insert_expression_key_frame_with_easing_function,insert_expression_key_frame,no
winrt.windows.ui.composition,PathKeyFrameAnimation,insert_key_frame_with_easing_function,insert_key_frame,no
winrt.windows.ui.composition,QuaternionKeyFrameAnimation,insert_key_frame_with_easing_function,insert_key_frame,no
winrt.windows.ui.composition,ScalarKeyFrameAnimation,insert_key_frame_with_easing_function,insert_key_frame,no
winrt.windows.ui.composition,Vector2KeyFrameAnimation,insert_key_frame_with_easing_function,insert_key_frame,no
winrt.windows.ui.composition,Vector3KeyFrameAnimation,insert_key_frame_with_easing_function,insert_key_frame,no
winrt.windows.ui.composition,Vector4KeyFrameAnimation,insert_key_frame_with_easing_function,insert_key_frame,no
winrt.windows.ui.composition.interactions,InteractionTracker,try_update_position_by_with_option,try_update_position_by,no
winrt.windows.ui.composition.interactions,InteractionTracker,try_update_position_with_option,try_update_position,no
winrt.windows.ui.core,CoreDispatcher,should_yield_to_priority,should_yield,no
winrt.windows.ui.core,CoreIndependentInputSourceController,set_controlled_input_with_filters,set_controlled_input,no
winrt.windows.ui.core,TouchHitTestingEventArgs,evaluate_proximity_to_rect,evaluate_proximity,no
winrt.windows.ui.input,PointerPoint,get_current_point_transformed,get_current_point,no
winrt.windows.ui.input,PointerPoint,get_intermediate_points_transformed,get_intermediate_points,no
winrt.windows.ui.input,RadialControllerMenuItem,create_from_font_glyph_with_uri,create_from_font_glyph,no
winrt.windows.ui.input.inking,InkManager,recognize_async2,recognize_async,no
winrt.windows.ui.input.inking,InkStrokeContainer,save_with_format_async,save_async,no
winrt.windows.ui.input.inking.preview,PalmRejectionDelayZonePreview,create_for_visual_with_viewport_clip,create_for_visual,no
winrt.windows.ui.notifications,BadgeUpdateManager,create_badge_updater_for_application_with_id,create_badge_updater_for_application,no
winrt.windows.ui.notifications,BadgeUpdateManagerForUser,create_badge_updater_for_application_with_id,create_badge_updater_for_application,no
winrt.windows.ui.notifications,BadgeUpdater,start_periodic_update_at_time,start_periodic_update,no
winrt.windows.ui.notifications,TileFlyoutUpdateManager,create_tile_flyout_updater_for_application_with_id,create_tile_flyout_updater_for_application,no
winrt.windows.ui.notifications,TileFlyoutUpdater,start_periodic_update_at_time,start_periodic_update,no
winrt.windows.ui.notifications,TileUpdateManager,create_tile_updater_for_application_with_id,create_tile_updater_for_application,no
winrt.windows.ui.notifications,TileUpdateManagerForUser,create_tile_updater_for_application,create_tile_updater_for_application_for_user,yes
winrt.windows.ui.notifications,TileUpdateManagerForUser,create_tile_updater_for_application_with_id,create_tile_updater_for_application,no
winrt.windows.ui.notifications,TileUpdater,start_periodic_update_at_time,start_periodic_update,no
winrt.windows.ui.notifications,TileUpdater,start_periodic_update_batch_at_time,start_periodic_update_batch,no
winrt.windows.ui.notifications,ToastNotificationHistory,clear_with_id,clear,no
winrt.windows.ui.notifications,ToastNotificationHistory,get_history_with_id,get_history,no
winrt.windows.ui.notifications,ToastNotificationHistory,remove_group_with_id,remove_group,no
winrt.windows.ui.notifications,ToastNotificationHistory,remove_grouped_tag,remove,no
winrt.windows.ui.notifications,ToastNotificationHistory,remove_grouped_tag_with_id,remove,no
winrt.windows.ui.notifications,ToastNotificationManager,create_toast_notifier_with_id,create_toast_notifier,no
winrt.windows.ui.notifications,ToastNotificationManagerForUser,create_toast_notifier_with_id,create_toast_notifier,no
winrt.windows.ui.notifications,ToastNotificationManagerForUser,get_toast_collection_manager_with_app_id,get_toast_collection_manager,no
winrt.windows.ui.notifications,ToastNotifier,update_with_tag,update,no
winrt.windows.ui.notifications,ToastNotifier,update_with_tag_and_group,update,no
winrt.windows.ui.popups,PopupMenu,show_async_with_rect,show_for_selection_async,no
winrt.windows.ui.popups,PopupMenu,show_async_with_rect_and_placement,show_for_selection_async,no
winrt.windows.ui.shell,FocusSessionManager,try_start_focus_session2,try_start_focus_session,no
winrt.windows.ui.shell,WindowTabIcon,create_from_font_glyph_with_uri,create_from_font_glyph,no
winrt.windows.ui.startscreen,SecondaryTile,find_all_for_application_async,find_all_async,no
winrt.windows.ui.startscreen,SecondaryTile,request_create_async_with_point,request_create_async,no
winrt.windows.ui.startscreen,SecondaryTile,request_create_async_with_rect,request_create_for_selection_async,no
winrt.windows.ui.startscreen,SecondaryTile,request_create_async_with_rect_and_placement,request_create_for_selection_async,no
winrt.windows.ui.startscreen,SecondaryTile,request_delete_async_with_point,request_delete_async,no
winrt.windows.ui.startscreen,SecondaryTile,request_delete_async_with_rect,request_delete_for_selection_async,no
winrt.windows.ui.startscreen,SecondaryTile,request_delete_async_with_rect_and_placement,request_delete_for_selection_async,no
winrt.windows.ui.uiautomation.core,CoreAutomationRemoteOperationContext,set_operand2,set_operand,no
winrt.windows.ui.viewmanagement,ActivationViewSwitcher,show_as_standalone_with_size_preference_async,show_as_standalone_async,no
winrt.windows.ui.viewmanagement,ApplicationView,try_enter_view_mode_with_preferences_async,try_enter_view_mode_async,no
winrt.windows.ui.viewmanagement,ApplicationViewSwitcher,switch_from_view_async,switch_async,no
winrt.windows.ui.viewmanagement,ApplicationViewSwitcher,switch_from_view_with_options_async,switch_async,no
winrt.windows.ui.viewmanagement,ApplicationViewSwitcher,try_show_as_standalone_with_anchor_view_and_size_preference_async,try_show_as_standalone_async,no
winrt.windows.ui.viewmanagement,ApplicationViewSwitcher,try_show_as_standalone_with_size_preference_async,try_show_as_standalone_async,no
winrt.windows.ui.viewmanagement,ApplicationViewSwitcher,try_show_as_view_mode_with_preferences_async,try_show_as_view_mode_async,no
winrt.windows.ui.viewmanagement,ProjectionManager,request_start_projecting_with_placement_async,request_start_projecting_async,no
winrt.windows.ui.viewmanagement,ProjectionManager,start_projecting_with_device_info_async,start_projecting_async,no
winrt.windows.ui.viewmanagement.core,CoreInputView,try_show_with_kind,try_show,no
winrt.windows.ui.webui,WebUIView,create_with_uri_async,create_async,no
winrt.windows.ui.windowmanagement,WindowingEnvironment,find_all_with_kind,find_all,no
winrt.windows.ui.xaml,Application,load_component_with_resource_location,load_component,no
winrt.windows.ui.xaml,DragUI,set_content_from_bitmap_image_with_anchor_point,set_content_from_bitmap_image,no
winrt.windows.ui.xaml,DragUI,set_content_from_software_bitmap_with_anchor_point,set_content_from_software_bitmap,no
winrt.windows.ui.xaml,DragUIOverride,set_content_from_bitmap_image_with_anchor_point,set_content_from_bitmap_image,no
winrt.windows.ui.xaml,DragUIOverride,set_content_from_software_bitmap_with_anchor_point,set_content_from_software_bitmap,no
winrt.windows.ui.xaml,PropertyMetadata,create_with_default_value,create,no
winrt.windows.ui.xaml,PropertyMetadata,create_with_default_value_and_callback,create,no
winrt.windows.ui.xaml,RectHelper,union_with_point,union,no
winrt.windows.ui.xaml,UIElement,start_bring_into_view_with_options,start_bring_into_view,no
winrt.windows.ui.xaml.controls,CalendarViewDayItemChangingEventArgs,register_update_callback_with_phase,register_update_callback,no
winrt.windows.ui.xaml.controls,ContainerContentChangingEventArgs,register_update_callback_with_phase,register_update_callback,no
winrt.windows.ui.xaml.controls,ContentDialog,show_async_with_placement,show_async,no
winrt.windows.ui.xaml.controls,DataTemplateSelector,select_template_for_item,select_template,no
winrt.windows.ui.xaml.controls,Frame,set_navigation_state_with_navigation_control,set_navigation_state,no
winrt.windows.ui.xaml.controls,ListViewBase,scroll_into_view_with_alignment,scroll_into_view,no
winrt.windows.ui.xaml.controls,ScrollViewer,change_view_with_optional_animation,change_view,no
winrt.windows.ui.xaml.controls.maps,MapControl,find_map_elements_at_offset_with_radius,find_map_elements_at_offset,no
winrt.windows.ui.xaml.controls.maps,MapControl,get_location_from_offset_with_reference_system,get_location_from_offset,no
winrt.windows.ui.xaml.controls.maps,MapControl,try_get_location_from_offset_with_reference_system,try_get_location_from_offset,no
winrt.windows.ui.xaml.controls.maps,MapControl,try_set_scene_with_animation_async,try_set_scene_async,no
winrt.windows.ui.xaml.controls.maps,MapControl,try_set_view_with_center_and_zoom_async,try_set_view_async,no
winrt.windows.ui.xaml.controls.maps,MapControl,try_set_view_with_center_async,try_set_view_async,no
winrt.windows.ui.xaml.controls.maps,MapControl,try_set_view_with_center_zoom_heading_and_pitch_async,try_set_view_async,no
winrt.windows.ui.xaml.controls.maps,MapControl,try_set_view_with_center_zoom_heading_pitch_and_animation_async,try_set_view_async,no
winrt.windows.ui.xaml.controls.maps,MapModel3D,create_from_3mf_with_shading_option_async,create_from_3mf_async,no
winrt.windows.ui.xaml.controls.maps,MapScene,create_from_bounding_box_with_heading_and_pitch,create_from_bounding_box,no
winrt.windows.ui.xaml.controls.maps,MapScene,create_from_location_and_radius_with_heading_and_pitch,create_from_location_and_radius,no
winrt.windows.ui.xaml.controls.maps,MapScene,create_from_location_with_heading_and_pitch,create_from_location,no
winrt.windows.ui.xaml.controls.maps,MapScene,create_from_locations_with_heading_and_pitch,create_from_locations,no
winrt.windows.ui.xaml.controls.maps,StreetsidePanorama,find_nearby_with_location_and_radius_async,find_nearby_async,no
winrt.windows.ui.xaml.controls.maps,StreetsidePanorama,find_nearby_with_location_async,find_nearby_async,no
winrt.windows.ui.xaml.core.direct,XamlDirect,add_event_handler_handled_events_too,add_event_handler,no
winrt.windows.ui.xaml.input,FocusManager,find_next_element_with_options,find_next_element,no
winrt.windows.ui.xaml.input,FocusManager,find_next_focusable_element_with_hint,find_next_focusable_element,no
winrt.windows.ui.xaml.input,FocusManager,try_move_focus_with_options,try_move_focus,no
winrt.windows.ui.xaml.input,FocusManager,try_move_focus_with_options_async,try_move_focus_async,no
winrt.windows.ui.xaml.media,LoadedImageSurface,start_load_from_stream_with_size,start_load_from_stream,no
winrt.windows.ui.xaml.media,LoadedImageSurface,start_load_from_uri_with_size,start_load_from_uri,no
winrt.windows.ui.xaml.media,VisualTreeHelper,find_all_elements_in_host_coordinates_point,find_elements_in_host_coordinates,no
winrt.windows.ui.xaml.media,VisualTreeHelper,find_elements_in_host_coordinates_point,find_elements_in_host_coordinates,no
winrt.windows.ui.xaml.media.animation,ConnectedAnimation,try_start_with_coordinated_elements,try_start,no
winrt.windows.ui.xaml.media.imaging,RenderTargetBitmap,render_to_size_async,render_async,no
winrt.windows.web.http,HttpClient,get_with_option_async,get_async,no
winrt.windows.web.http,HttpClient,send_request_with_option_async,send_request_async,no
winrt.windows.web.http,HttpClient,try_get_async2,try_get_async,no
winrt.windows.web.http,HttpClient,try_send_request_async2,try_send_request_async,no
winrt.windows.web.http,HttpCookieManager,set_cookie_with_third_party,set_cookie,no
winrt.windows.web.http,HttpMultipartFormDataContent,add_with_name,add,no
winrt.windows.web.http,HttpMultipartFormDataContent,add_with_name_and_file_name,add,no
winui2.microsoft.ui.xaml.controls,VirtualizingLayoutContext,get_or_create_element_at2,get_or_create_element_at,no
